renda,gasto_cartao,limite_credito,idade,anos_como_cliente,investimentos
5745.071229516849,2129.233923063144,6462.338672937752,38.85918641766912,11.591705397861615,809.766880659759
4792.603548243223,1880.9117516184097,5735.522513422326,43.6906916626221,12.099906978035438,805.7709781218182
5971.5328071510385,2190.5081426104252,7174.84780460347,40.579398164257555,11.829069534369943,895.6160309076363
7284.544784612038,2836.8275314350553,8977.768914456148,44.52004181258862,14.785475998811986,1512.1179803954674
4648.769937914996,1386.1043084275523,4895.094743857582,47.85849689288811,16.91326237792746,1528.3432533139558
4648.794564576229,1912.8412526737266,5874.837114415141,58.371544863313844,18.6524381207213,544.2378343446436
7368.819223261087,2947.8290581449914,7490.387252111917,46.78840961294298,14.239969300826433,1974.1740935364246
6151.152093729363,2256.1886797246975,7066.44023629333,34.14374293230407,13.239146420300075,839.3943825724289
4295.788421097572,1883.12678554713,4910.809184091314,61.4006784649516,17.794530593382436,435.3440779710723
5813.840065378947,2559.9285605582186,7293.271491490355,41.629098663849604,14.550568275888695,1572.0653222473961
4304.873460781307,1320.0594182202794,5177.163579276003,49.41279572895371,14.247713121983555,1321.9428811600699
4301.405369644614,1529.8809532162925,4458.904916645393,54.46536506940711,17.201655436843918,1285.98604231025
5362.943407349051,1952.8917754927961,5943.0355259103535,51.99610418402783,15.371706125627444,414.6899773607398
2130.079633013303,617.0560779281051,2655.435564389667,60.941795475214754,18.170834277258805,193.04043756663523
2412.623251230451,1172.4180109751176,2855.6142305442627,54.79003143392759,15.682236395253856,894.0189462477509
4156.568706138541,1614.1709477622155,4698.320392548376,41.38690420302892,15.105779323270063,852.0846615096555
3480.7533194983644,1326.1726174716932,3936.487088642047,71.78562173991662,20.069834445757913,159.30424080094087
5471.37099889291,1687.582808455476,6913.729197251137,51.943334633382335,14.102535884917284,1323.433169341303
3637.963886718184,1614.0400622395803,4106.710377627213,48.52659773378494,18.7999664518257,370.1891478479016
2881.544447997063,842.8031804854571,3413.8077155819387,59.63925423055571,19.847471398475374,1473.5713137955186
7198.473153382331,2894.3724189195145,9723.136078099067,52.49450945930072,10.978125440404144,2212.1153618855956
4661.335549270197,1933.8784541976268,4881.761340682275,53.99228192939327,15.067167100397175,1234.3158230318231
5101.292307031886,2380.681571772417,5195.629402650933,74.92183998600687,18.852573320677955,1700.7618137912639
2862.877720679815,817.945988492148,3827.248097215081,47.248785717449536,12.27325432840435,604.9712191976536
4183.425913212226,918.4923263296843,4680.7895652076195,46.82239105982604,7.769687985479732,1219.403929829953
5166.383884564799,2112.5159400143434,6040.541897606448,51.16578512012464,15.075756380649507,1772.1369245639971
3273.5096338665458,1759.5316489243319,3537.6333715742976,60.715159355810385,15.930664168420494,777.4512676704655
5563.547027518508,2535.155399242263,6546.356362638453,34.93465969809601,10.60020842302168,985.1158197465599
4099.041965121793,1692.0316398673735,5718.1194141943215,30.344441085234948,5.853089807805435,-32.50258606419936
4562.459375310085,1702.0747037160224,5876.015479681162,44.12884729379852,13.404477894483636,870.9251122012702
4097.440081655905,1840.7566818216894,5348.039853930574,33.66077040940713,9.268398566581483,1231.1996086123365
7778.417276763406,2867.9803607792455,8625.987204219764,45.75168652474362,16.729411887800275,2028.5001691364964
4979.754162893099,2110.9911074962947,5400.128127195285,55.0249969612929,19.33021281187912,1248.1333654378248
3413.433606566149,1491.7409824181166,2676.5809981366656,41.09251136447736,13.898444615363774,412.03717383211
6233.817368154783,2758.5794241366334,7075.890431244363,35.731734232186575,10.066292708333545,258.3526891571614
3168.7345250434664,1957.408819745156,4280.833023244989,50.69337161715348,19.17877227566663,386.1393560063258
5313.295392507133,2223.422148797545,6634.427728882745,58.625434846151705,14.481559898165868,910.4866429744509
2060.4948141803366,696.95701924526,2361.8371455403417,33.050265614833876,7.107962425322837,255.6344792410603
3007.720926652354,1196.6947926129433,3598.1149701237982,58.20232398305984,17.293130995139823,910.8223638194331
5295.291853803686,1675.847765299195,6009.907453276719,58.17306203738326,21.959994829057216,2051.8965762681573
6107.6998699931155,2269.4016652249816,7431.619285192631,59.54085102156628,17.45757749272971,1283.3045749191697
5257.052421784956,2000.5003591857064,6691.402045882254,62.18480214871686,18.288950158196496,943.0445897787604
4826.5275764176395,1799.5889310834077,4983.889697995931,72.02013924659616,18.72222106175523,835.6946087814816
4548.344456616067,1857.4265006548574,5607.837191857954,46.439079513809446,15.82358302468359,971.8612747770705
2782.217014448859,907.2818226839936,3804.8778528159646,51.09571580077858,17.23506724889228,142.29652271557234
3920.233687407937,1848.3511417942927,4496.73028040784,45.83561566751975,15.328835103055743,844.146016854615
4309.041843560319,1723.668503653677,5521.200518332674,50.01976844755811,13.747489188572708,1087.2145368779638
6585.683339328374,2631.9482554466963,9310.147229430324,65.32873355636312,18.185206530162922,1421.979699652919
5515.427434352692,2124.1972946128476,6566.341524729784,36.54985516069331,8.378712047398054,1331.856453872929
2355.439766955899,980.9735777471044,3023.1812453497405,41.38950327834424,12.58459598702514,687.9617580654474
5486.125954092193,2400.724947803786,6214.322603079935,63.77180936504561,16.970728150956678,211.2768496952168
4422.376579375526,1552.1680778224852,5397.477476551655,60.2003650690209,15.705276510207693,1202.9103950728068
3984.616999541062,1429.3176775476106,5011.676211940427,46.36868353182922,13.063223625727414,461.41597707698566
5917.514433261302,2291.074266110355,7198.43849004863,58.544020011207195,16.584893652993724,635.5833051502815
6546.499283743927,2282.1319826292674,7345.951480638283,53.412158424920335,14.94769046983219,757.0739428212873
6396.920178674298,2353.953606539345,7779.485100071882,65.00274609000988,20.433713020683488,1496.1548409711245
3741.1737151660423,1377.4142676802521,5220.506427558069,50.745095938267724,15.381624385780876,636.947279420782
4536.181436223178,2033.069869667453,5667.735605725077,60.25632113872582,17.50058428059551,66.25189525193025
5496.895147105346,2264.3983910926195,7077.267771062336,76.4201191049262,23.292061588100825,1338.397937017211
6463.317690683539,2633.7245541153015,7637.475243813933,55.98099155047466,14.811243382933135,572.8594727372941
4281.238643232065,1925.2199478348193,5512.436491590333,50.49328165794844,15.358541745203887,926.1584079055186
4721.511535004274,1854.2616669018605,5805.4477611133925,57.22446985220979,17.468545941352204,1063.551769837382
3340.4975389909578,1433.8152280786055,3533.1416819455335,46.34719141796115,10.898063706673383,1110.888048645714
3205.690063878994,1256.4705873184737,4006.0885790542297,73.87967705524733,24.155290625314922,1531.9804060092247
6218.7887335912965,2553.856080786426,6966.6981485894,51.80071037695981,13.777345702633953,561.4195837679885
7034.360042856235,2668.0543527395985,8124.791913985086,47.27066679774487,14.361819637736332,1380.6350805397224
4891.984817629499,1347.0896374826925,5965.045934801587,41.64310994979964,14.82175646601043,840.2293160037912
6505.299346838036,2568.549948188639,7954.981352895705,60.972201916064385,20.143014090247053,1517.9347123480886
5542.454037571451,2572.668649053566,6056.328612547177,58.67187412827739,17.670229015620887,1216.3251929810995
4032.3203680923134,1844.4819977973236,5365.777327302214,45.02645628585907,12.782938879993583,630.1909522501528
5542.093408262621,2458.186734452841,6936.515229065381,55.764513451224225,18.6243778525184,887.9675873470964
7307.054849698954,3231.854620331136,8416.101601833303,34.91444031787144,11.82372205097867,903.1855423477672
4946.260941335073,2000.6687742743886,5166.7207313775,51.849705750731566,14.31818168513121,1483.1829794702692
7346.965483721009,2988.115120339803,8743.906290924495,54.52756352076695,14.7684817622267,1698.9951875439667
1070.3823438653835,273.73996368756593,1061.48695570788,67.07329809559224,15.977279065285671,672.9605676706453
6232.853756562836,2414.123288618372,7535.994736401914,42.291811972713106,12.995607275181106,1091.3726830748103
5130.570602357257,2206.1710283856883,5975.126392250924,37.21647371197676,10.999546623556231,697.6963861242361
4551.488974301199,2121.566699012684,4458.058338788934,41.04572039074958,14.586098866509957,371.1402615456259
5137.641164803254,2020.1948970010515,5970.995928613325,36.634314996850804,11.708404686015975,1206.9870248309805
2018.6466280986606,694.9113350266114,2269.5663981842363,63.36657357758983,21.67843046162233,-116.16728664438511
4670.4921682437325,1868.3288570116424,5921.421114279508,65.48639295024037,18.25118942923977,1858.4299681320217
5535.668857267619,2364.5692301393265,6293.702791415619,53.20216577948829,18.236950395781722,453.31248090680367
7216.841067112275,2525.7727228115245,9499.546617221013,62.21294945685148,17.606052078846133,1580.198273028706
4222.594672589529,1114.9926307515022,4111.293331781557,51.339583805802356,16.95706726532525,1627.9462881247991
3787.2595956602186,1377.2696258911915,5200.295263693574,49.04888352299234,11.797148271836313,1056.9967987639482
4247.364434623195,1393.7676673707385,4984.677836108782,46.66962380946239,14.471157741571092,937.3097431705287
6373.103176553112,2422.206221209417,8077.516248035511,46.89609008622435,10.099451142975484,790.3788118296746
5493.126664489527,2160.305586091443,6631.652739416799,34.52198443690969,9.822320359189398,407.7407386140534
4205.359694349442,1568.8317754840236,5616.209401232065,52.64254763607339,16.673472278577844,1226.0969933286815
5769.901149670034,2671.0773434857,6730.200397327635,49.596660897859564,13.837061166895676,1907.0538503214802
5145.61632402206,2139.932720759404,5625.4293762375655,57.45360724077876,15.135206914721692,809.6982695653264
6452.967485799334,2656.305584222441,8453.813126594732,50.9352349643861,16.972807427907696,721.0627433516914
3946.9203591839714,1734.319929684439,4679.564108079695,48.37296298430908,14.304963315598878,-439.70064343771503
4508.506780103347,1518.6944325961467,5520.9873729361225,41.288069699923696,11.407279615915765,411.3189341894007
4411.837770301763,2024.5130549757723,5911.581281384513,50.721532368217616,15.300251552773837,825.5391328108325
2804.727577801822,1102.949959486864,2849.695472314969,57.38237230816162,22.488049976339664,1360.5071359787316
5444.180415596864,2345.292320549049,6830.761947535865,38.566610089161394,13.876988726311506,1425.402929235857
5391.582908269834,1888.6688550478946,6174.952111692355,50.874737536807395,17.5875685974179,1230.8592840073431
5007.670184963691,1614.6283824814604,5943.119544134243,52.33042951529484,16.57022149257318,801.4742063421728
4648.11929993728,2063.720134481169,5613.88264261688,42.819352163817356,13.178776194299502,638.0410013594778
2876.9438869243786,1244.8799362941306,2702.221733585786,44.12143695092,8.444266508615167,1278.2125761388575
4369.032015851962,1522.0999177514072,4853.419897612137,52.306108487662144,14.333871853372377,974.1756735495871
4485.928225209846,1576.9555197652646,6058.650316458385,38.66578981707377,10.638588118717182,-154.11470091854198
3796.5840961675717,1799.9923345707211,4998.996509693483,53.499237152493926,12.299987017653113,422.54699528489294
4758.071432500987,1605.8755997835628,5678.365930337567,41.046456263408004,9.999105298591534,522.506270614384
5606.076285221808,2653.098752402714,6848.853271522616,60.62853693033216,14.226888137254377,848.0832524556291
7829.278851815796,2906.5563570643512,9248.013369360726,73.378277453883,21.936835564770153,1847.311100505702
5261.866719247759,2264.344669101199,6992.531756011302,41.392431982981805,14.055261536592173,998.650902952427
5386.325586084146,2072.3756154964126,6363.414414403894,55.342078623746744,18.81617262437268,1038.8324137149984
4888.331126350749,2106.1293083108853,5981.918397688323,42.732580951179806,13.649343209512423,1634.4028059327682
2121.8431770514376,712.7087702920269,3119.2268845327576,60.4095417379779,16.19606983899623,76.13809051694335
4960.229186826175,1943.3934482123964,5563.589281768456,37.34741590914785,7.340094455704435,1924.1456003089097
5090.345314911539,2046.3679198135462,6887.808970142294,54.805867584277124,12.928022876480133,682.4152672967649
8694.86316872793,3227.398403545804,9668.605097601827,41.27011033110647,9.843067944822945,1783.5717320518718
4711.458552828316,2069.789507486358,6468.571328950378,47.930154109016314,12.601326836633545,801.6899128642798
5452.321013500418,2052.625013782271,6356.447424224515,39.68974724852693,11.587427178574906,1152.1737694505641
4947.932345442135,1922.0229593418492,5816.16944061792,58.223504708957535,15.438722976433322,1211.8824666249914
3246.982943570702,1050.2058337761528,2951.374446693371,41.63019645560413,13.16701072401776,866.3142087585786
6714.234221772531,2045.1102740101846,7829.683707438191,55.519642593318274,16.191345772396538,966.2881790442161
6127.899549030161,2403.402878962022,6833.576193322751,46.55901971737667,13.988797338695052,664.1225710822468
6186.547920564571,3077.7730236290577,7120.034331990748,48.855276282011374,16.93708398994582,2488.8954795657696
3635.9188178078916,1650.518599097663,4294.44709847503,51.477559074001285,13.082804253799646,485.1915937613019
7104.191466404149,2836.8614916280612,9003.92556692143,42.38175328341151,13.55193514160819,1770.4445126168232
2897.2234058115787,1093.1666550225646,3580.4697626742072,52.10367113540887,15.603154883670513,-224.37597409928264
5880.285640700406,2357.730729483174,7210.181095541043,65.3033456435441,18.92403113112384,1036.2507681877428
8285.683438714968,3451.05315427979,9395.060432035181,42.219052141672854,14.436228284233778,1593.536995751772
3514.1955123039675,1110.475001094376,3776.6575699633954,61.71810143273845,20.27345873893555,939.2466374247099
4150.553405595842,1938.8017859055549,5880.026595890667,64.98097633487784,17.601311308486494,-531.116389376801
5149.477047631462,2238.6361479128955,5811.771939776131,41.83845010971956,12.187213865200018,1112.9657160654576
4244.786518825701,1877.4610389572642,5921.847948619488,35.449453949094476,11.197259549896474,274.0865760811939
2674.004853400801,1179.2208760627523,3087.2752246405275,53.01960900171765,15.359869204470124,696.9738262776222
5102.844462209041,2046.0419493071138,6124.557322722601,44.52592477233127,14.527820096274978,502.40429402272673
3406.544429410843,1530.8330807560421,4623.035895407977,68.68603219163002,21.168193693309554,253.56753791937797
5710.388645952772,2432.1089918164535,7488.412586112655,50.34807540499832,18.76954510221152,1005.2639239939203
3620.863648649295,1359.8352817244622,4289.63009823961,41.97800591964821,9.532843504034888,198.00799492826138
7324.90160752631,2786.5601997862987,8595.760402270802,38.528404889882886,11.313649487470071,1227.2130981375847
3825.120061495644,1555.5120984137545,4562.183849533667,60.899049590908305,16.45270985424811,168.33612802747132
4516.907725691487,2194.018128150392,5589.268034945843,44.28816025915813,14.494662988625526,-13.203680711066227
6220.275826054505,2178.333561508327,7909.982834700284,50.43828799460428,11.897142618290195,1753.0336914255809
3153.703525349067,894.6000937015169,3786.5591599159566,59.55802745112481,18.560033655787215,-17.28364134215076
5341.189901906194,2177.666171071607,6718.871031299009,45.157416480691694,12.287128081510826,978.8975365772471
6960.714131423642,2797.0075780334614,9172.03682384384,49.540711712598394,13.393889781537489,1768.588367031621
2588.7751481581586,1078.8454753558656,3297.1849839221827,49.8343159017748,12.057298363451064,210.28297837361015
5276.950787798456,2171.7686145965076,6488.167373360537,56.83324511516092,16.119821642146263,642.8072076869223
5389.824191372635,2100.1291128903526,5708.333617102128,55.907443355103254,18.941234067112827,1191.0838826082377
6172.734307665965,2841.559582716907,6091.916100784627,47.79886268745172,14.289281439176555,1793.5137728967693
3144.5739336828774,857.6035788540221,3967.676585034537,50.636490614965176,16.4463080202385,44.25715419334108
3019.3150803735853,1000.6017759543727,3575.765980807866,46.282209884765116,17.213946609362083,528.7891000659976
5782.912348425347,2287.3512493328767,6682.103480653045,35.223875930805555,11.094673948886818,290.3351722014056
5445.477009849779,1767.39360115137,6656.3375139129075,52.57600857398129,14.655203428069704,892.4949001288609
5375.739275518815,2106.332109099508,6420.685266024123,68.92191760833067,21.61107971286478,1092.2501973728008
5519.672314245464,2623.2364671301902,7187.496902411505,41.16280859308937,11.260250285298227,676.62214197156
3979.9629176322637,1597.206789126896,4819.0109352882055,42.26970290397297,11.672065504597551,567.4966666138371
5348.380545741506,2197.027444726273,6044.595012354723,41.29272228356258,9.348031085830804,365.562724994576
5439.608709948022,1860.802292686064,7022.613571417271,57.24591778723123,19.02629031833815,1126.4610476803514
3928.4728729604485,1417.2987971743103,4605.6019100794365,54.4848545419644,15.573451211290442,1313.5416990336648
7798.661766717135,3025.66561160587,9621.662461896716,48.414623075835436,14.888583414382353,1011.1604184581953
5710.749381367681,2204.870978358014,6614.193904544817,40.81980938361035,10.174018957869826,830.8139929973447
3213.044754196027,1605.6288504293532,3530.740262286514,50.92376791639924,16.149025634350718,893.8820740662964
5984.830412950745,2533.354930361579,7223.880610633742,34.353778726641956,8.78225114172242,1803.011442251517
3537.977494659018,1137.3265086293493,4251.987315362664,51.43426566857493,15.14686225716883,-38.99940717266202
6180.626905613678,2533.8769568534726,7656.665804419829,58.71524386087934,19.370225220742054,1151.733012414761
6737.893368511106,2819.712784528639,7951.149165558456,37.48800863366322,12.827921214564023,1489.1440848619839
3768.976522472434,1792.6278686192904,3604.5919350817226,34.674817231703365,10.358385024477128,702.7671091800629
6445.064193866483,2973.1608491886864,7517.6900908455855,65.7943789169486,16.202051609671145,50.61680533475305
5619.171390404747,1993.895008204932,7139.914902057604,43.88240360495415,19.150342221607527,1374.3792827353357
6233.090239991735,2290.5217181941093,7331.020248368529,61.35947845943822,21.899561478377738,2006.2862235436692
7845.189473980921,2823.681324863715,9291.03566751983,48.460023348021686,15.983356654183103,1627.3687703809362
4631.917825995694,1794.2621656215326,6051.489644147801,48.38045183058672,13.007727985994075,410.8305385520073
3869.3957534637657,1664.3478949970902,4287.288290527057,54.38412699496645,16.088053775086006,517.3155275106117
3665.728355561715,1713.1249713719617,3627.472417552608,41.1600114325356,11.261162570207645,1618.1022049401395
3776.2845725518428,1491.5260731101064,4451.225927299463,51.32497143495645,17.925203308679713,1210.238184940648
4884.3474358788435,1873.7770935378267,5619.129947430244,46.185105851759076,14.38053753723139,1296.8827963679335
5511.727962224966,2242.630682952172,6130.950394793332,36.795065565949685,9.47019195306524,1280.5518842121814
5415.036198995029,1957.2287541905062,6410.354210844689,53.37482074726399,15.070936025929633,752.4386837035197
6240.774873554035,3018.6946298453076,7734.682671888234,47.36692193122084,16.45245286450606,1147.8693843829228
5019.502837816861,1605.8858783472297,6018.759124596325,48.429751715552925,17.729121208306832,964.9391997241142
7180.301115735975,2918.305591018321,8769.851875226288,37.89839056585842,14.426180296730017,1710.847381179417
4603.014750143066,2347.107454864636,6430.32154942939,65.91400367762805,21.288265233396366,1675.0623971620648
9080.253749884429,3633.8014610937707,10724.86506908253,58.76714186386116,17.124892821553075,2375.21981837345
5938.501021647509,2327.89064990863,7265.375543299346,59.641558841719785,11.409440001857696,478.00802643148165
3714.2636653755762,1396.344110447624,4202.509717151124,46.94555297558318,14.677985940291398,854.8502175256397
3393.6612529083313,1312.3665807227308,3649.213643546511,32.7081711049658,9.80879381380154,1047.1139231656148
5723.708622864778,2632.6955678150434,6575.996520728849,69.52917382489511,21.13871634011124,1454.171889645273
4664.805822011223,1312.956850972113,5358.387700652624,49.38902491994132,14.92450217004881,618.344282708535
6071.0007411381375,2811.7587217793366,7464.938788139328,42.51200203979946,10.101076288041524,2671.254756111808
5709.856436860317,1927.9532866315906,8026.36561758276,54.16801574483114,17.36522183715171,503.429006206504
4890.756631014691,1889.639570097273,5510.886239079709,61.67120788003297,19.765794992073594,436.55710286991336
3729.8094228973923,1384.6126640842915,4267.45865466914,49.76949443914534,16.29552589586292,862.7594252102666
2727.729162971203,1238.2299826311612,3241.7134890098196,62.78575167939374,20.728879510964894,1603.9473600761673
4330.227571899468,1332.5599407888503,5394.172510634235,60.82999938516868,19.457103105393852,447.9480890278081
6284.598191485208,2629.382443114569,7673.293235759642,39.23618812597942,10.950797614716002,1124.0054554735457
5321.1406161953055,2634.5336522998355,7027.416636408425,43.262098943405235,12.83695598718939,1602.8749597469077
3131.3918319320182,911.7632316246048,2544.4741630508174,59.575371632797676,18.054861224346055,617.3472889425369
5259.771388776773,2151.335097413308,5118.260731434291,22.87387436189562,7.0775612067819225,884.6523504902069
5577.9760695932555,2065.6948833881497,6445.632197506832,48.50544306835011,16.548068232448493,1398.411664862011
3674.2138456983002,1576.157339827579,4957.706708609815,35.69168798375328,11.994843901170965,871.1017642544566
5230.587658918292,2097.022007921255,5493.881174899151,45.23446198566475,17.72502547483933,1561.3369246020543
5087.3130776689995,1874.5535038065225,4600.959523355921,47.01179910970796,18.516477692681732,1663.1970600664818
3285.5445532540652,1436.1858925193947,4228.243167014482,46.41755622092492,14.084566031505327,810.6104406534939
5536.681040522425,2665.7594436556556,6765.845860478267,44.477387478873915,5.669905146743436,1253.2025707936396
5841.176789552352,2288.7447678891162,6464.307944063107,39.02856350371186,14.18223398336809,1275.2908490535372
6624.576864762916,2829.770231442212,7456.722437355033,72.91911266818687,20.794981122481953,1569.480651277227
6580.703078052355,2308.962991753151,7411.971833845488,68.67462004161351,18.999418168822036,1343.725934546203
2933.4959480643633,934.2892850212432,3575.462796414206,38.37934179743717,10.716911989252417,586.3949484517279
3593.262440127316,1555.406545521021,3998.7572900612754,65.82116751303568,18.853064160281487,1316.9660484390845
5772.55290081299,2680.0501674591874,7174.095440463348,46.00534509527147,15.026143148792228,1912.5686703401195
5770.678926368313,2397.1749077437403,5497.50138018978,51.2918747333171,12.268690861742678,400.3593129569522
5772.571529459072,2230.7641041528404,6498.659902786986,49.36726040103084,12.654736628726049,1159.524881762099
10779.09723598208,4311.461745748671,12371.889702722972,43.40251358746034,13.707071184632936,1811.4722304737988
5856.3357660397505,2029.9323729234707,6899.432580061455,59.838523436061465,19.197445091645054,1015.7814199649139
6703.348460270899,2832.4682156972017,7774.9942730800085,51.25886530576658,16.660742881601998,1541.9277969218406
6431.002645239803,2792.984323676774,8116.125064235646,45.234485767807584,11.996273172475677,1620.919714819195
5977.086876958697,2277.8121675752086,6242.835866520408,36.95410556199528,9.129700370066102,1139.354153586067
4527.096133039481,1693.327916275917,5455.261097812753,41.064049862808794,11.305945291266799,-51.25094075350523
6138.453830739902,2521.8510897089727,7645.312808493734,33.586198843979034,10.55560515776316,745.1679758598906
3840.7621781936423,1427.1249372673083,5537.2383321133475,50.122235484151695,18.007625383790607,1216.4022707388115
4644.772089889987,1841.3756822995392,5332.843522321246,38.033344077156045,7.315128851605312,-441.2587930394683
4271.954678256345,2233.712318594167,5288.574916083872,47.34439487481459,13.761860948527644,1448.104511492269
5122.811209079484,1987.3680584452945,5245.442054614197,63.70101853610371,16.444948678780705,1285.1772371381676
8471.987850010264,3299.2101019988,8970.407317855805,61.992995729215856,15.293413364057777,2352.485610767064
2199.102211112378,717.7554330361614,3061.309841225703,49.677231058973824,16.83708260838178,340.53584878199536
6029.390285561771,2597.8041070996924,7232.48819585009,49.1291527385685,15.827994970569227,175.17534510090172
2580.9261932155227,987.0644339816834,3686.367776757839,68.79874549421008,21.538490680157548,731.3665593963535
4292.10220131585,1554.4976209459835,4463.821197094145,55.20756120358711,18.404320040538117,1495.7470022823406
6633.42589545105,2983.6963662486733,8220.062144305635,46.721935401234774,13.05714282683816,1789.0460818469205
5096.420028643194,2393.4687625856873,7050.11295464376,35.73981882879548,9.856670615971586,687.9382639846212
3383.382833106041,1203.24724180774,4269.912203905882,53.93873218164743,20.553080887939377,720.0571043525315
3927.0444361100476,1104.182786603865,4850.744076127581,58.293237725828625,16.99482920922944,518.9907528320475
6019.396623402014,2659.637071820036,7227.553988494591,43.683484754863564,14.575309652567253,794.2460925857167
3904.450052424295,1390.622564529717,3899.899334346198,52.912027551380326,15.886371347340727,1258.5842960747846
5324.687884372962,2327.5315535398768,7067.411929102728,46.36426705084971,10.212763055098083,466.1714212420113
5068.35775985572,1534.8171495143295,5776.600491924331,48.159676008009974,10.358644794800455,566.7633366803378
4022.5994785912744,1832.189126011337,5079.361002501038,25.121779424376687,6.378565387433197,252.50707898206224
8215.916133987988,2983.5734712750004,9077.582207499958,47.782185962838646,16.44685829219157,898.0594651480745
5950.878533477016,2563.0424431574374,6551.32440791853,59.693693024080545,19.48469122049617,1263.382852616705
1962.2861200135894,788.4827149645444,3072.287043627425,43.68597444433442,14.933946661748392,973.2087482437058
5279.681472154141,1873.3877340124957,6161.966622106048,50.52526368215316,13.183486746773317,963.4979163081956
4007.320302847418,1501.1690429072721,5535.422101438174,42.4404929330808,15.963892860168867,48.59016028740041
6278.650002194336,2683.0396151169093,7495.264673103944,53.60441676292773,14.15153842850555,1675.702270309881
3811.2188923509493,1550.9611702191885,3652.5137843422103,47.834768024638265,14.776079204731417,1605.0946554876755
4827.895337799651,2077.2613802379815,6239.508205225442,40.60758459317993,12.161570798138504,642.4579054866331
5757.4809184706855,2797.102513517146,6614.030943287018,63.32551467665128,18.64990676236621,912.2190503352781
6298.632791255182,2128.39271357431,7907.70375626474,59.28932013532215,20.463980317187858,1517.5568732927336
3199.555389416336,1684.1252995086904,3852.071901069644,43.950932360718255,11.775058667883556,1450.8479517757928
4498.248146238578,1825.3882428762342,4626.338661514857,54.97788309417778,13.794154416829475,639.7325563851025
4287.582033258565,1490.3368012226442,5227.2458225955625,55.374120028203805,16.65222698087398,191.2915161526107
4020.0061511394324,1275.4240540210255,5922.118952443719,56.42301235011176,16.127250236460476,1119.7105333640898
7648.181360421646,3011.9924464744,9424.310861763204,33.05744104004923,16.67199815018006,1929.170308655479
5607.472566441434,2473.401554557688,6700.208203226989,60.06606541032628,19.372834575977834,1124.5602385059
3108.674068497432,1211.5823473045893,4268.080583175367,44.30301037074268,12.472221960785557,342.6681838707612
6376.792920582164,2928.5059007947025,7757.485737300151,46.42172066558733,11.814293061302026,1772.547949612456
8183.23429551895,2910.4997956946904,9924.648269754136,76.37881752260199,19.15306843564303,1900.6648613777722
6548.69789082672,2616.4569193691746,7312.6248829125125,53.01873380721012,13.855181970688168,925.5218197135976
2720.94505106898,775.2796593243122,3382.058074177575,46.13677524552824,14.070916117176736,568.7363758666318
4273.648890700623,1800.3675269364915,5646.100377049221,27.94705627244094,11.23877418492182,178.87601212780146
6900.366723779935,2981.868537036299,7862.408992485909,63.897641339463554,21.412670686614902,1723.018572974947
3938.495801571829,1470.2078722084684,5438.442872509669,36.547903291913975,11.42256065086695,656.5823756229379
5665.729142219343,1615.2381927309536,6753.021958590649,39.96561096500496,11.343347958096519,915.2904122515
6161.951080144005,2514.5174687567255,6950.456540403535,46.68647700912151,14.543567815560762,1215.9529734525838
3609.6042926328755,1553.0263549865276,4830.341189619573,64.16411791700293,18.211959380131724,742.074708191699
4910.7119659073,2065.3584751033445,5749.457241219625,57.732399866657595,20.75644795152503,1429.6074239642403
138.09898989639078,364.18514391409485,545.4762316187229,48.4216249015974,14.148107107929057,323.1650636418889
3463.418537998565,1117.603995287164,4010.2229294690096,53.08292063638821,15.75220047442301,614.4790682033117
4621.14777291026,2018.5131355267165,5515.464255727359,43.99614307128894,8.767198071345344,1306.0636294415497
3128.3252270527255,1549.4569689405841,4000.770374630416,51.39653689565351,15.028091375650526,826.0336722563517
7448.6169558974525,2534.799886357352,9083.788875871945,50.73336744778137,16.892978510264292,1276.4235730364721
2854.787933059051,1221.8281297033645,2427.9796294449916,59.687698956813534,15.770864532966971,508.5985074935672
4339.933269954525,1609.9283502298922,4647.298053898234,59.67178122438949,16.40009369833122,793.8752095693446
5196.110865929137,2058.063678096243,6700.038031510372,54.93977382205645,18.067354182084262,1291.8528447729282
7161.909933599173,2951.6830943242535,8528.223625868233,46.37652442453898,10.959642880325587,1248.8706793590138
2846.206773230841,1016.6755682639484,3153.582476491298,57.41822294390126,19.341068898254214,374.0367614353516
6744.745628232439,2528.971231502573,7414.407746250189,49.08031533796954,13.659806821044656,2333.3277803634674
5015.349591529381,2014.6779409837584,5478.5513491973325,39.18085631286867,10.977120452878195,1472.9376591794282
3527.7370234280734,1139.2833246555288,3222.385108132714,45.96712208089061,11.542379814015995,325.24707247304525
5693.1552113949065,2005.8058023366664,6781.145894323121,50.84526983784325,16.00967347220874,1424.1015392500806
5298.589543360205,2289.279138083208,6059.088661741723,59.10215783664745,22.650391321052997,1118.8929414996298
4099.674684261808,1352.6713649150593,4436.315675621512,48.16471827842847,16.012409962449805,1015.7105244824086
5104.703127485029,2208.4593762213144,6091.582040398058,37.90801288760394,9.643833342400109,1089.611287779558
4422.02960470736,1884.4596650964318,5488.420841075201,50.56741683296819,17.44146622087341,1479.22724368409
5170.276017876872,1636.6587249530996,7250.930187557219,51.134560400565526,14.707009028301158,1206.8653759010974
5993.19601178157,2227.887241628714,6435.893504356277,51.85837628902753,18.306482849563377,1167.5948532491702
7379.025224218029,3250.137440449055,9434.520790711897,59.1987151595443,19.372967352192017,1996.9003333351145
3143.2767517597267,1012.0193179189703,4258.482882619208,60.18923240089899,12.170486589326229,745.2978708958814
8199.5500619844,3163.718959216413,9449.91370469293,44.057891276183334,11.209208116944946,1700.6493020614091
2071.868300716247,944.262543599473,2587.859938152512,43.838565419510566,15.040340071523948,571.3849613863067
4772.322357446625,2104.776570299299,5497.9702042671415,39.59801289044527,12.182718411423616,907.6599598061417
5882.475809726865,2290.105602379622,7151.8152618816075,56.988156702804766,15.04893511542573,1181.1086584431075
5421.487801602549,2019.217571968109,7260.3508686253335,64.48820108337715,18.07928129402552,790.9502659395735
4065.9507202691093,1981.9727535322706,5181.943980638587,46.849180720910766,10.242280976094468,437.6065342418825
4687.816624464087,2309.85156573503,5879.684135973625,47.58569435275007,14.098961730772228,438.27813165159773
4260.498598011751,1948.9139519001492,4897.44365763678,64.66782556898976,23.821727122728454,156.10807620381217
4115.952864583683,1667.710681474729,4197.115105038251,55.05557853215008,18.126540341109674,383.3318922244583
6274.403145531537,2307.6948278023833,7425.0496693676405,54.36235704801055,20.689541116780013,1167.7471118728447
5535.523228947571,2006.5981899398873,7245.931952169042,38.09083494026273,13.192044661658779,1158.6634370123327
3960.6356071090186,1714.8827691600468,3989.178800235998,56.78728069279419,19.09114289454364,656.4788398479835
6349.399813149876,2644.3594804821214,7091.735091691503,40.708636594902416,16.16074835396077,92.02821756629623
5460.949281314914,2534.779360762573,6616.273005694929,38.65979814065042,12.352465960879579,1879.483035144154
6219.29317825844,2650.329794437411,6970.824421486497,46.53228423233288,13.585230626686103,1787.0986970968788
5944.443262885418,2002.007229714213,6737.070191904895,44.1420727655131,15.307936862897954,1411.768578185648
3756.5074836168915,1765.5898978774862,4296.009689476181,47.78400305614961,17.242881391088652,1705.0468330000124
4159.728439704546,1414.3762190532152,4308.865425550381,35.59018365475082,9.717125811000827,343.2636291990539
6120.940407684893,2352.383345085869,6858.0675661136875,59.58816306467672,16.433310754722957,2168.000641849981
5915.555398150197,2428.7722108230028,7450.38043617389,61.27686294516429,18.660770948411045,700.5040412547655
4968.647609053778,2486.375916067502,5308.692239749052,30.52657525859186,10.820970311440881,1113.0984844564339
5175.991074963173,2847.8760689866094,5412.253222708388,59.7845780566655,19.531555514322772,398.2795524255324
6916.497343682638,2918.279702257101,7984.784322652217,41.894713701783736,9.720078910159923,1390.646516508711
4112.642916746255,1599.258012018405,5301.149251350428,58.56975536982786,21.394138745075,1015.6118323484453
5820.646071755057,2461.8848408221606,6886.314382107624,49.315535073335845,13.512330663207052,1086.7840487837343
4696.711021349159,2100.5982650081223,5403.762686561181,50.28775564080998,14.556196698465836,1296.2809263149006
4673.478195159169,1789.2243716743699,5630.353232948807,48.14902350578781,12.639398331760702,984.2028637754626
6648.165277980785,3108.0689501703946,7104.944617147115,62.12129204233486,24.033045284574634,1068.4256914074024
6238.124523482045,2552.767499190669,7733.10225506597,37.60411987474971,11.765377303000848,964.2182457952396
6220.264454000958,2612.541553873232,7656.034860502971,56.078403387350086,15.121570854841895,1649.5097771080398
6958.218210731494,2949.768347306213,8145.207615829931,61.013301648895506,20.03183759459354,1064.7726272428151
5031.505762449138,2117.998957633269,6540.769170837174,57.16340080540411,18.6872918002413,1464.002637732296
6022.9294569424455,2618.9069078943817,6663.767298854415,73.24698914323417,21.598642695810483,1815.9417878044546
4534.599865109816,1659.5266494071957,6005.4743347585645,44.71053237275301,15.094373137392669,72.56304184889837
5486.249528732663,2054.9243730065577,6660.746267276821,59.57304822593531,16.221330546118864,1663.71309939705
4804.785418448473,1646.8756091364655,5597.4662071990815,48.939093646585796,13.695891544077234,1991.1684329120442
5145.493947489077,2168.0728866506875,6164.655919302737,62.33406076352669,14.67978491992588,1155.1006700987796
5892.735538155371,2551.8283411401767,7017.650262880974,49.923110042786305,12.329030844396765,1478.0892002784854
3772.6689751497915,1623.5108065978882,5137.344218388608,46.1212421813753,17.451634265753963,1273.0364572145377
8138.580913528191,3674.0554737481607,9227.957532498322,63.06072203871629,22.201073867059517,1489.975025116127
3490.973927750447,1394.9905663929171,3807.909093727237,45.0843806098107,13.656891480241136,789.3348973190242
3178.717080818402,1438.672246225489,4332.611943018322,35.872742410994434,14.087685617678005,-21.356348647874256
6737.166310250102,2421.9413050652124,7786.832104708192,44.83153116826171,13.129310377261904,1416.750776315246
6187.494040944404,2378.2226907591617,7875.25938779908,56.19032946588533,16.370278234629783,1486.5548060111516
5936.179725578233,2548.3563296227376,7973.133662198234,63.920387515870914,19.289137551692384,1445.3174565788813
5942.51826389642,2589.282833244354,6930.124403204886,51.11129375296512,15.083544935242404,1721.2160145780742
4981.629840729628,1919.1601993758059,6318.636972163206,63.181970672340256,18.524198554581716,608.9248790781612
3654.1184427712524,1443.7475641439844,3808.095990655573,36.41825078522406,13.212271449866323,464.52031021750236
5113.70683729059,1666.0142982460336,6513.814853782612,45.56736535182097,13.970480913458697,1970.4950404537956
3984.2574327318325,1504.445672891081,4880.8209122715825,47.11424882845899,15.559238177405305,721.6872996645116
6462.679600126627,2807.667630930597,7991.73466123206,48.8544057252748,16.719082768137103,1392.5528136814894
4779.413927746792,2055.5668251253583,5412.510677278453,50.84094388250197,16.028654756060057,922.3777646867479
3761.7542048112327,1629.8681122697956,3683.5633379898927,56.909109573921924,15.1321902203601,341.5104278097354
4517.92123752051,1819.611916803444,5673.1315173993635,45.5519316182951,10.959847707560453,1715.348852950005
5619.397181413437,2249.5246622224186,5711.575041456397,51.39028686953126,15.714647330473987,860.0287303223845
4154.413170794038,1496.6849834492534,4826.620558831578,49.54877109675948,14.522118719377975,267.2398723053426
3766.669406650353,1681.374867710775,4990.594221190408,40.7411009610885,12.397113146166793,527.9637426786949
5365.530817237868,2251.455562992495,6534.5858486219595,48.863333109185646,14.62689185425852,72.25316258480689
5367.449856663085,2269.984654663434,7415.111150390608,48.563404701028816,19.73616873064178,747.846238841026
4239.585236943305,1564.3253841104272,5600.056860622853,48.34919434996954,11.844305793708184,363.8527484624978
4293.442541572516,1179.0412866611955,4825.181855724231,50.31759456581451,11.115385830102102,1167.4028237781654
5348.074906036454,2413.5181403530055,6431.346577169465,50.75673540613386,15.891774288879377,732.9078614273546
2827.8734877540137,1011.4400310995045,3369.7628340325987,45.6770482089267,12.950269353501618,1009.476665340227
2888.804338435167,939.8277943632869,2675.476824449137,62.727147339712644,19.450279941373694,1277.0028642216942
3922.333668121346,1742.3031952270367,4236.600943503438,38.305193707969835,12.659324156958952,1175.0544017680688
4679.829272432229,1773.9285489931094,5335.414673428745,42.79029891530104,15.405299064948107,828.2717100564075
5466.361348397007,2451.5286353704582,5541.523366648439,77.79963624223555,20.325439231902788,1163.829518032198
7213.034325424328,3039.4652175639058,8679.387924635015,39.6200864501077,10.772590139317984,680.1143950128358
6286.489434803029,2685.488104721331,7419.251399437115,36.462453252902414,11.796258493632251,1190.408200699986
4760.09220505486,1562.5479542218104,4875.663695410044,57.34476745001218,18.744357426378105,521.7992069775554
4971.475688145967,2291.576271604987,6167.877258413826,29.22880146226126,13.155539539255148,1341.458328203843
3496.2059530432866,1463.7950140257788,4553.383515997423,47.64726090027561,16.20558621231042,1985.6173852308943
4972.230296011415,1896.5728335930153,6080.193594646142,71.45824925076488,21.32389758345691,1244.3568771891876
4567.012041619792,1862.6519334834798,5318.380362339266,34.550640778466,8.584320727654475,-82.16766615337474
5484.077840507134,1749.5723279782737,6876.6144844844885,30.180355142612868,7.925526837345821,916.2004716442403
3759.1535846715155,1605.824636738774,4851.094481844164,35.00818798042302,9.31705074821269,813.0761796215305
5779.019771361758,2054.265031499185,7088.525510493954,58.98359568346986,19.005545962068478,1199.4826669024835
7299.108369503867,2581.4757763406633,8346.623918187259,61.247767199858124,18.888325051129097,1094.415111096397
4836.859777314714,1554.154114371413,5942.532115533247,44.87411203021491,10.814934467380116,1090.0178267814106
5602.567583148412,2519.1991270068465,7320.821425190834,56.83212404001069,16.177834273822338,499.2630981699889
6035.215987566668,2256.7705466034704,6943.944655774137,63.9025532751199,20.92586108943881,734.5888361708003
4398.169292171246,2142.6996443476232,6326.772820171711,67.87346414429825,21.065363953237593,1202.532679236105
5336.138722715625,2000.5051233231757,6140.551000266057,47.53664718820152,15.398283388485996,559.396129103212
5018.888601172693,1580.7159510708404,6038.8698280773,26.985282823300132,8.861428267104566,1272.8835229806673
5146.514147823247,1779.4745491421343,5839.574179384728,41.79121077590313,15.790224701988658,344.57094223662045
3840.4853242168,1845.1470346884548,4720.21780702029,45.73195805064742,14.191673542842967,1650.5100067392282
5036.765261388414,1975.7315600711986,5173.007467348459,47.41061203421609,13.451138014523432,620.2180910756554
5746.997436868174,2161.7271506246198,6623.376024833448,48.1214059899128,12.604911714706718,1037.5662014719128
7176.715411692563,2910.690721140222,8065.997893856791,61.188945979306695,18.85590271021143,1600.6497128837157
6438.90623912781,2701.0081796930103,7794.356660899518,62.744284266875816,13.941877250512576,1005.106271575015
8229.773686267334,3571.259178482549,10372.952111275254,48.28326346075217,14.116401034560225,1717.657717789119
3848.9786556679255,1901.716269740402,4941.777480358786,60.98484876051819,17.88377490831277,1057.474093393648
6308.480955081017,2433.450220585136,6384.347465667774,53.57661366631089,13.344042392658704,1742.002807267946
5275.013008607528,1778.4932819225019,7351.050436792973,50.64505972862572,13.336986241275723,1450.7513197079843
8284.704399826509,3210.515469649785,10089.285250102244,59.06544157109964,19.338947531626374,1571.035648063965
3787.552571967273,1580.0911554326308,4156.813516114227,50.72252048237916,15.678179642863672,684.1946273716535
3740.4172367288356,1255.2271631388815,4567.064643570073,70.57811177097761,21.37701019870794,1922.6377263582833
4100.911031833966,1401.0766840098258,5009.188149452106,35.61588833205441,11.297461567480369,1295.1267404914393
1814.1564135352896,811.6095358015872,1843.5633377665654,44.84829100907982,13.639742478621793,-98.0805454530489
4211.367467478858,1672.3838990989304,5152.599294645667,48.7348110304605,17.10616843485478,892.2675753785475
3861.301007669453,1552.719651920678,4329.82506539319,54.394526904579905,16.56521643478127,604.6886321447945
5225.590679714312,1900.6124382107075,6068.527819312162,62.67960487103089,15.887455233671766,977.4510189813076
5512.633963665739,2147.453406914854,6272.021188521345,49.75601432763843,18.18706422804035,487.77921387910396
7814.256258823829,2894.644217462456,8660.771865718767,35.77770350493793,11.473991586139071,1356.8896345717894
6425.635757279075,2792.803905692827,7783.681143842581,58.425138964550044,16.349034227774876,2190.9050380527715
4134.644516506395,1912.6701402834963,5254.223138065843,57.54958766141964,14.758072861835856,1116.4670537390307
3652.377992977463,999.4042316314617,4640.295389611141,30.58141340620594,9.966252463777872,-515.1051054802376
5737.8787572597585,2062.773787855801,7295.417135029327,49.96195866329201,14.75424358903885,1755.9374977009252
3019.650189469037,833.727762015095,3785.750332370278,34.09858169319702,13.377868080023923,1148.744799348388
7747.188148781531,2936.369275910888,9030.263029429385,43.353489024979375,12.314232146160156,1369.794977603098
6769.16018108193,2686.804579985182,8542.82414951391,40.971910730372,10.616811639746667,1712.4638081079936
4296.236521842943,1356.0833038125447,4476.725056290565,58.09264698241986,19.219386531197813,429.5476989599883
2430.2982063636837,741.6543292641452,2466.0221563801806,51.16830174172184,17.201054307950216,250.9317831395581
7030.808561248119,2561.334081478873,7954.870237786119,37.144089992439724,11.480529732952307,2155.4348925845507
4828.190232121073,1983.0929251981652,6333.856308114942,58.800659629573424,18.992911984221845,829.7730264893604
6856.724467960193,2760.02587144314,8699.463618622269,35.661941760715855,10.62320828673028,436.4790626145432
2608.3585118084493,862.9090163890664,3373.6828326926366,53.301137904709435,16.458071573431326,490.0200909710215
4100.937465569341,1684.5802042625858,5457.089891289108,41.85989330708444,14.887949757253178,780.8932966566898
5007.865549577275,1866.4761986840936,5569.797268286735,46.3432291746948,15.153605420451445,1600.7573946021848
5070.470890647113,1960.274578677332,6258.862628707026,55.04270748038384,16.1742633674499,1021.2623892173027
4324.901792781135,2148.323739687088,5127.294937145779,55.21449399059529,19.269073289030885,654.1892028360805
5934.274898521248,2708.825222356086,7544.570930167955,63.3696907355596,14.281196475084855,1709.3830523198526
3398.5693559261085,1034.532433138544,4020.6711108352315,49.17746300328547,18.85738552382951,740.1089874357768
4786.430772468059,2122.0054134570173,5551.24548275663,53.06450862963341,12.50743439910855,582.2748137107533
5180.443447567848,2275.0265176500375,6486.986396361912,45.62262677595675,12.432602383242434,1613.5874697843785
5771.6582510881235,2021.5974782470948,7364.0744849013645,51.81989882622798,15.464134577478255,1251.1625324760244
6067.422317133334,2631.663337792049,6946.7341831366,54.394860480085114,16.02549680256921,1214.9474467663858
3313.036862243196,1709.6977245004168,3945.106399015647,49.01690152545624,16.71789253768998,751.5615681544664
2698.8287438965667,798.8952959975234,2709.374175855053,31.962495159075036,7.4730753105020415,4.431563071014921
6916.515232847763,2537.23038788554,7050.787770670846,53.31470896330895,16.51594632395881,1119.4761584803841
5498.4710179693875,2453.803773898631,6698.395037270129,53.64561477355457,14.937260235626864,1101.4855045102693
3877.2701951651698,1618.7819057724798,4957.17691232552,43.19826523652049,13.54976152963098,678.122191520694
7326.727963283784,3068.5602541233948,8923.106960483903,37.15612963927486,11.017294372186704,2101.5597840650544
5173.511951439288,2154.5520846758395,5233.433482849961,64.75879150503965,19.613508756877852,1143.4053166513595
6768.945776095739,2805.252290670332,7947.31021627665,54.91445510894402,15.374486867754513,1781.2411165373492
5101.277722115164,1708.8930567682949,5012.359386512656,47.70918969078291,13.292629007042708,1024.9532217109575
8091.121887322981,3498.2781815845547,10394.19681861467,38.62967116852513,12.163446378612392,2146.368619337658
7633.011263664806,3345.602003572866,8616.586225338724,41.781851715786544,14.421986526248052,1725.3661310195384
4626.55377728139,1793.273824895549,6179.566337467615,63.02590396786232,17.711212521963,932.020998150508
6457.356426431534,2572.0733331191477,8221.762533559913,51.37661940868046,13.67545073345832,1284.829740806797
5968.063924377721,2004.4486941121581,6711.381532985235,44.49412932999294,14.575159130341556,716.3934717300626
7052.947336298523,2949.742623523868,7897.144327924354,55.09689231224656,16.464059907558585,1664.0473273278599
3552.6148091298433,1564.0602840804734,4438.322879148981,41.856018125536764,14.217801705632931,690.4205945577792
6029.077189997659,2396.083121749236,6812.730609405655,65.00843030280379,17.69093466409884,954.8194579089296
6587.636730274382,2916.143032077379,7956.406397408362,63.528005348967255,15.499523753843313,1870.7582314609122
2361.8907703653285,861.2370004011464,2592.855129034935,45.33425928797223,12.534269622739,-152.7298588743348
3225.1122310013375,1431.196373873935,2979.555469968788,43.713297529691395,11.581284040377387,433.77449848405047
1941.151733359849,521.5446086709107,1214.1480704695891,23.8186680130772,6.98802360376256,902.0897210617366
4595.889748333163,1832.467861614706,5628.409822247094,35.18419228448632,9.281567256805118,1076.9394201267594
6076.313383693943,2386.9367890018684,7010.797187267419,36.60530225042244,12.46362457779963,1191.33321291241
7253.535578144042,2957.7412117678523,8427.697785315784,51.351903409873856,14.829270498117124,1576.2088872038817
5111.142170629662,1952.0751360435254,6481.302524302487,46.7376629555864,14.322247884223723,1111.9355196503532
7442.923318356938,2944.3011784248583,9518.229120344547,36.54664512584759,11.279262654636165,730.2533905284271
2929.847812677663,1378.4509179314418,3379.545014532291,47.188359575354426,14.546418057430703,411.33861986155193
2444.926340967268,868.7794770773529,2763.6122557057906,55.05337147647349,16.467753222032098,1297.246095450328
4916.6784516550715,1565.0271054773589,6150.085658543027,55.27839349915587,17.60471943056739,653.6736229424305
5576.098173408961,2667.83524541494,6012.850023240965,31.00329719141119,7.709678889771741,956.0691276296252
4950.95787785886,2325.746670816166,6052.725980804481,48.71736519516169,17.41404541185627,719.3811939171783
1898.836849940185,436.4690661996693,2554.547205839299,36.1665922302839,10.376902902348098,336.2597583289683
4866.3199407308175,2118.954927603626,6179.699033085796,59.01728697140274,15.082087815623456,681.7025724840146
3043.2957492427204,1091.5746070592525,2683.578547840032,57.84146416353499,17.72858596304404,852.0299009275741
6004.508823245058,2467.675333130788,6824.732952989599,41.019727736755414,10.603557356131654,1299.558470794145
5549.897369145272,2293.5149799114824,6220.745216562593,42.339547975996,14.032533461816548,1496.7532813825635
3590.1803205089673,1377.4701781245064,4358.159861815367,45.38732949501693,18.035410000589835,192.56548100731322
4229.199623994959,1495.7384332013846,5315.411838677944,27.472066052686607,6.6684756326902805,675.6696833575403
3411.1797171665726,1191.8366237875643,4841.770864322878,53.35968173440577,16.6726491867697,569.374627627247
4905.981354090242,1733.3445627657866,5639.694884724254,47.27155453659869,10.670455183570352,1209.019725862346
6432.713480751858,2365.129840243132,7470.469927747622,59.70175082567859,18.818335706586268,889.9320975468545
3521.410930496684,1391.7697996863349,4800.529126035394,39.01590782037447,9.933344746512962,1162.1090882285089
5756.069773276767,2123.487912033019,7055.5721971972725,43.80877051750068,11.892961918381241,1744.4217499141578
4204.613572441339,1852.3584454046907,5679.362042523594,34.93474741960885,8.277851246202998,346.4865406704759
3810.690751606484,1896.0878394765755,4717.192903432699,39.95709436505747,13.451430761626712,516.701702874514
4839.454460068163,1790.7684736847546,5228.78704272516,38.18018003931781,13.468662726741869,701.9251378675865
3447.136516370939,1438.70573168222,3469.999642256223,59.959736788464454,18.03469146585635,2005.620405612937
4169.526041979227,1792.7316943674243,4227.675125845607,43.017381512486075,11.176361043074383,618.9551557919021
3203.183161116727,1399.2738321765096,4174.845710719309,51.24175684744613,18.551573126441564,1479.4493533014129
7947.087699374584,3197.8238967288557,10130.803650793005,46.19236596138195,12.356889532905273,956.1015423216121
5052.895327957593,2206.828735772968,6988.155464242301,37.30534733987187,6.867539602106684,515.7535825093369
3950.4117380111215,1700.726933374613,5162.046751774966,48.316995768283576,15.411876750399209,446.7800816781239
5320.969866101333,1818.9723408587088,6966.583128089092,55.99103331863595,14.58776064830775,641.3493174970054
4831.507925463755,2149.89218628282,5507.801344229663,37.92240607456648,13.353939409368294,832.3522180135017
4668.545600700166,2089.2409495967518,5024.04681246827,58.09112790731379,16.6650629788473,579.320018779284
5921.250050065138,2177.6784939814097,7530.539726286942,41.50279078522304,13.658263716655304,774.5792136457408
6136.261565070958,2463.9890848902833,7572.35425420485,45.170160739271594,16.354048914885794,1806.4883112508553
4204.2482785842085,1852.5315596364508,5098.820121471496,55.30683123010048,14.174331639788699,1452.7464669734245
4136.27263903298,1602.1806007183516,5157.21290715607,43.36563842780512,11.877817266556725,1301.9027769942538
4587.422454272534,2103.2134936505167,5666.499686356144,50.37574859335866,14.96138243269347,1179.483968646671
1547.1182528966228,1209.8154248134892,2498.4503334027277,46.853091712119074,17.131030151704408,355.7951834691007
2727.2134067021716,894.388854522123,3920.1488804510836,51.29368006703819,14.071338584230565,296.92733600748
7050.311401166788,2474.8634096782716,8732.483857570318,26.192608944765027,6.668775291531493,933.4835278558116
7467.451570251926,3062.9352770019896,9383.843320583774,31.703181847919172,10.467235705487367,1674.9881657667288
4626.445940665432,2030.969002547709,5808.766405010906,56.15967006046838,15.69344356671937,338.47399185968766
5864.835444583649,2288.2175843722675,6807.21766748307,60.37181405649051,18.416595982742386,676.0066243290332
5466.875231815304,2550.0652585563803,6938.532615634934,40.89513296468479,9.165465047469183,1669.8316744654658
9618.321212682857,3512.6770351423306,10844.737920789797,47.55971647828866,18.69657482859979,2873.988763397615
6679.362367151865,2844.9746026186494,8542.18061673018,52.94719252902301,13.188739298088096,1532.5200425136136
4808.123612778851,1771.784239921817,5172.486865451603,56.93217601658704,16.436147396995697,1514.8532987030922
3566.6893390993614,1856.520212191569,4422.9288503166,29.723227283291514,8.852006113303265,590.4137090978807
2590.330519613641,1534.2610461374861,2685.8196443232896,41.13959753021623,16.167255527778458,-150.77098912111376
5305.195453800835,1930.414034574497,6642.929036098215,46.67420620150125,11.352570298584894,1367.124900069459
3865.4738820735447,1408.8002688522731,4621.606045524299,57.03140197236049,21.07682886266565,1057.739438049741
2866.619435603489,1361.544745986346,2642.5653436425205,74.98430483721495,24.00964509336853,609.1581640608199
4030.14067363621,1515.2736070071055,5046.518623872691,47.71994273190282,15.150173468417337,684.8404056746864
3377.6779945784074,1339.7183933483034,3764.2532050777336,35.93022537896012,8.809800239652125,1156.6408882062306
7530.712452608847,3018.632086179142,9477.428303537301,54.02268077201298,17.34908671568004,1013.2759738080324
6322.459635424176,2049.0655651202565,7587.614406876214,63.2099578954071,17.51601412378253,877.6016376395063
4988.041038025074,1991.7569786864703,6183.359738324108,51.08014120979501,17.857364869335328,493.55495422480084
7219.916208335038,2715.5345398179725,8185.114972494439,40.93351454845707,10.337930306321654,1486.4697229849214
5116.052461471428,1923.140278988628,5844.596838052032,59.579939414800194,17.64766483552789,479.26398623965645
3708.0736980076044,1844.1374800702454,4220.3691195585825,56.63545618498435,15.88009067946896,399.4936493438991
7284.686115904486,2599.7477227919803,9169.97457920666,39.73919155804376,9.946711542559138,1104.0594420672983
5808.3650655269885,2526.6473228977898,7808.72662253513,53.81425617534342,17.626916486418853,1031.3688469384188
3444.1307685103156,1307.911574821174,3730.37104634094,59.97265567658873,19.062714197795884,-54.86106949992529
4714.491982874588,1815.8567510258765,6195.814451778346,61.818900425588936,20.963690525478675,986.500892593551
3686.5726199228643,1672.2220219820738,3339.0484350445863,49.33551024690544,11.240902857655298,1360.9663493169119
2925.800403553496,1255.332985063621,2913.865783718051,46.41920553820681,16.05410306614413,652.9057668690801
6389.266321297462,2698.3597778238677,7187.730357463566,62.27273822081263,23.692719276957575,2048.5138366601527
7864.124960705196,3387.696149415294,8760.695608125874,37.89839497019115,10.46623631270345,2239.824085079502
2902.148639271288,1078.0323599126846,2690.7841722317557,54.38579290921005,20.106035096980957,969.297251478185
5844.453855035857,2184.722358387405,7219.844082111926,36.29973372635571,10.363597573787061,1206.2336923256144
4024.0361463172594,1338.3268268874544,4721.80952671678,60.65376272259603,15.451309341656192,816.0574233861718
4269.311924352956,1501.3721372464438,5312.877008026102,47.41954484388839,13.614598568352925,1235.7622710522212
4111.409113641696,2381.8372517838598,5278.927279430792,62.68583235647469,20.90215764229296,626.4465179763231
3704.013845480276,1792.7754333763073,4577.625111162597,54.91412756355527,14.797885304403515,-200.45760663767658
5072.78244191724,1691.344385214891,6416.220518375875,37.7677976993807,10.129661991801235,1260.558515434928
3753.5748253834436,1170.8154409674848,4469.523647338998,64.24627732077244,20.46096206081811,185.18065010920304
5405.685238669758,2282.7406108975265,5893.325592250838,65.51245266427729,19.65985603276033,600.0664336387593
4924.642835826295,2106.67333367501,6438.478493401952,58.82286492599216,18.81610538277113,985.040541163153
4641.5779297003855,1993.8521307094954,5275.337449249899,42.3841213496378,13.190895486408012,880.7531471633423
3638.6545069376034,1391.722854386617,3898.5872589439105,46.93986045642591,15.041208776030919,21.693098229705583
4134.843004147501,1622.5736366582755,4872.852667074802,51.45427217405759,14.571679280598195,909.7143828960704
6133.0868387386345,2535.2046165352936,6903.298746838104,42.96289600668567,13.352330686066484,1709.6871981782513
5751.375781436571,2322.023564147961,6692.935746729168,66.92346572463205,18.222293705997746,586.1043711544229
3533.6671328021735,858.6417599339857,4412.4275201443415,51.44326471726037,18.009846660184888,1342.9750919848143
5148.998458143838,2002.149475613737,6352.969019395669,22.966519528926426,5.6214064250433005,249.71427906379574
6127.080685057684,2237.980665457995,6903.581788856405,53.3935581275622,18.27576241336744,2284.0782091970136
2495.8920783179424,1042.159686054305,2751.217807507159,46.51842603182687,13.48831388758233,293.54820042184684
5815.040288569902,3072.3308660788134,7515.214848669005,49.25073443881552,15.179218353159298,1235.816556127426
4006.06436158123,1694.2961610010682,5055.477292764446,46.313806342143,12.9042128008615,-144.80391392658896
5855.898002889739,2263.976779612796,8064.610123141957,58.07046416606687,15.389148387484003,1140.1115673432935
3855.111265186225,1772.494881568803,5216.197605094234,61.196877785533815,14.869542560449538,885.2633418963409
2292.6768490032214,1037.7427114035918,3323.358753083835,52.830531622586534,13.73851116959104,415.454317750897
2558.686343175256,1128.4981598830627,2376.489336582406,46.60688812861841,13.334248732153677,230.19673010886436
5072.127419992073,2180.563616300747,6468.483079807198,49.5866279519083,15.299746743230257,541.1432247345072
5389.583752582223,2669.969392240275,6440.947102250211,50.195996165776286,17.07955747629941,1643.1800602851001
3643.525062343387,1174.6879161058762,4096.739173042939,41.975699601351636,11.701194960811792,744.1085799676526
5957.888688166061,2501.5634944692883,7233.474096065537,55.789286485712346,14.972864417179354,1961.9539258915984
2507.71990659656,771.4926801432395,3481.869655221614,54.60042323860466,13.494697399575973,238.3028039218505
4900.880302029025,2099.2302823971722,6131.472157936935,65.40441239776673,20.581450955138227,762.7787137196966
3183.475700356315,1043.7186522710026,3380.9339397565477,62.55349780288475,21.532438371524112,1044.4922623693444
4022.245838296761,1504.5566319174334,5197.924462752423,43.1432508240987,15.475635783142188,-7.038313342429774
5071.098006974621,1954.6667242303718,5766.523837331563,58.20298374508965,18.880760619821366,407.48792131846267
3709.3799520740713,1727.7061606658058,4559.597501971028,40.49046616905528,13.424226485251783,1290.6184760913961
4423.166683655262,1998.8802844477084,5156.124986647747,56.9593210094085,20.48304386224123,298.6663721194551
6509.439213821661,2292.3463414170683,7701.89393071818,44.83385801239892,14.114320326553296,392.3623351130583
4134.6621957152765,1667.598406036073,5344.716122378587,39.76746776624415,13.222499681921589,1761.1960331796008
6253.5381680977125,2324.020303551792,6984.148941809306,52.800453426974045,15.198568304388214,553.7988096824398
3305.439718013573,1007.5496595365956,4939.125198754754,23.25432871845859,4.252211873828062,753.1476427667994
5794.706266872924,2263.628244143077,6043.10448560026,32.490244255947715,8.379375475785162,1193.4838497367205
7162.35293098685,2787.820475280785,8295.98967555679,48.22508116225717,14.44920627160784,27.156427888328153
1292.533249809066,1123.692421510007,1736.1458447417497,50.824417666348424,15.368896044907132,124.84813837790878
3804.657116794285,1630.1028030578882,4857.745623370796,46.30681229841811,17.744615399236217,985.1380480984118
5865.60819077081,2001.838901119765,6988.4919686391195,34.20563701282401,10.424245439029342,1350.2763289135924
4695.431920935511,1736.979267331469,5605.822953621842,41.821081578614944,14.904011361635769,1390.846726088853
5556.718810056963,2478.033347880135,6873.337614732164,53.91209327237394,15.303473498559548,917.5981045586755
4094.022219926269,2159.7195811879888,4797.2919251826825,55.81781770628363,16.12199354035462,1175.0566650313342
5129.88468120935,1655.4580444242501,6852.452246418673,49.83776882404059,12.29331537276528,681.312402201834
4766.484146911881,1436.6125624799913,6139.455533410058,61.56833781036989,16.985845317357825,248.06312117598873
6751.673092489711,3168.4105308388303,8538.41988649047,53.97397023459234,17.24615385310521,701.470430657326
5381.6312649518195,2250.0560503234537,5974.879156256975,42.525443460417875,12.772753398913629,345.2710253926565
5506.403993112804,1985.4884142760297,6567.990579532513,47.194979465883826,16.044371079559614,1606.0737825681576
4382.184550816299,1886.5310918571283,5108.388486619206,35.97133842792145,11.153909425066535,119.15015563398151
4268.59066389126,1048.4993308022847,4619.508108824779,48.918610096085835,13.970675565550266,990.7375531029037
4351.162718270569,1741.3089639575178,5401.477353897565,61.121006192213386,22.632895585237932,737.2704466178973
5591.678213567446,2318.62657863775,6441.1909773910265,56.85290084710968,16.868063116706807,1067.0113559881736
4368.523278769606,1978.4768463922999,5569.929849448645,64.02009325919121,21.53202991716797,1555.5083033537712
5434.66228534462,1920.3909260647133,5986.498960966378,46.97114756201007,13.288925855513664,867.7187734612871
8113.101197968159,3266.6622695381034,10595.2417439827,63.46099794514258,20.457498342309908,1928.4210203684734
6306.687055147539,2291.3186655441186,7119.858136881015,48.066957735520305,16.276118638959463,1280.1190867200637
4510.964701748238,1868.2318196178749,5522.808810698104,64.71585082569894,19.831739188860844,826.1834875332988
6801.820883245917,2496.891772707611,8558.114715089134,49.781432525578765,10.225463912280425,2510.34873884242
4387.886940467673,1653.1295663970143,4980.144113461152,57.072313738042766,17.158199043125055,156.90651523584995
1942.8131972332194,528.1714301957305,2757.6101583963386,64.75112364309855,21.886257188449513,1033.1285571653664
3487.8705336238936,1557.9322739054717,3570.8528414484636,48.065723714187946,15.474678780311843,1025.7773894697648
2193.8121184612164,1092.1376265486529,3358.63339174474,52.18388987544174,16.546844713091016,198.99992637635128
4472.729773938037,1730.4367670858617,5374.350361208523,62.88863425206302,15.422076407703866,1709.2052135084136
5027.627568784327,2020.610526253738,5734.947378556753,48.669968360699364,13.16008036685969,81.47045756259718
7514.655968412924,2643.714533706784,8867.996275881793,36.79107717493839,11.860038414784395,1242.0478650330492
5490.391060646244,2121.237262256801,6992.928907471853,71.4300705458491,22.249787717328513,493.8371099947108
4671.349206786704,1855.9885284542452,5313.3914022188255,45.30235535662863,16.020040167254393,1140.3115737930707
6244.1083717752335,3152.841621467587,7118.2512014188915,51.58756050937543,15.186534642520439,692.289623761458
1683.2970364881721,395.327058151728,1909.1881449939374,61.56006669451127,19.27966818170101,553.191380668294
5353.4218371628485,2507.413044553249,5835.6251482104335,43.91506096268798,13.207266772668982,977.4661595217929
6156.29779083045,2711.7338096986323,8297.829302967448,39.9213208677787,10.002510787330495,991.582586838048
2782.1206313302378,1183.0073536546292,3055.347461988924,52.53737296774833,11.249629228135005,750.7477492827028
6715.631064810394,3125.907546972941,8474.565670862674,32.069236020876104,10.482790190522984,1208.8154009930468
5507.744611241621,2296.1242126483644,6714.028575313831,47.1209392313208,14.484176186221863,557.2315007188049
4377.068129148798,1848.1170505765015,4760.214729737573,52.45038664315406,14.498765908745881,2276.1001206472492
5949.172799159427,2366.3889564093843,7136.030004384948,47.30048103174836,10.951798196492778,946.2509683173131
8406.039286706593,3668.307935287294,10479.248533703285,34.56549056814253,11.629126199260234,572.4033172653112
5272.799382587743,2383.237061487818,6233.228591562138,65.94177956204013,19.250693720220934,633.5105316568544
5372.330879450504,1992.5130299061486,7043.353528266118,51.03538153949175,16.424363906583817,440.8278317037358
4310.958650689634,1394.5716616261618,5683.9080772184925,64.31152117761741,23.021553414108737,1275.2645381581847
3725.233445802812,1439.3482189722106,4929.737562292539,47.39963749819555,9.937029488819256,905.8730189563555
6245.503724816368,2298.191848827136,7264.776083643143,41.19988018309236,10.96076243752298,1448.4571458584458
3715.8742611366993,1470.468560800841,3919.1278894732955,52.691809202551596,15.388791534141653,558.1636193087178
5107.349355829088,2352.29927600267,5822.025424313509,47.842128736717804,17.262290969308644,881.794747637357
4283.513829852325,1599.0801181692327,5238.33706615615,38.22238542008642,8.193909587612955,671.237214166631
5718.469738619588,2276.6820501199413,7135.057043109683,64.69784258787496,23.281074827723696,1103.0973556561826
5500.493157930422,2214.7029468742676,5514.806087136283,43.77729777106004,13.404901134450594,1517.765349268502
6556.309916386848,2834.631687106061,7863.515298858342,31.597336152044313,9.287199522145578,1479.299689530043
4234.975401717879,1132.2678271910004,5161.015094723048,63.28166053957332,18.588378635434186,1097.0514951540092
4595.187597059943,1686.3999651326533,5375.452988314156,44.957019841873766,12.614579888202073,1168.81697353659
3531.854426326539,1465.562693600484,4883.862231099786,43.921761073843754,15.272761840691436,1148.5921039561767
4333.560109885832,2033.4437830610482,5411.162168988434,32.34612412970026,7.5667957307452,1010.7870427472938
5565.950739567278,2103.40468395036,7334.236841521182,67.40941486596991,20.913652823078678,1292.614184252915
6135.482924968028,1985.0549934767428,7254.599249786517,37.105194127903125,10.363194906956986,1821.499705590184
3616.752013733562,1601.628666984959,4808.841162733736,50.5844948070565,13.651081545088752,390.8274437451564
6304.40888015849,2362.922954856989,8382.823853453949,59.1262032254044,22.90981131898911,833.0104860559445
7033.456788207426,2515.9660505103807,9095.994870485241,54.21716933003097,17.10325226851621,813.7305580480574
5620.152354835551,2091.9745945059144,6198.112029088295,49.40345688007808,16.04756815334571,1215.4877527772383
7815.193718837099,3079.9461481208773,9251.394423833328,32.98334141712584,12.170555986475076,636.1726231578582
3839.3162013446404,1384.5403144033032,4434.5970888886695,41.90275164232716,9.728125602061054,998.9402882987669
3133.017945032874,701.8156637383826,4004.2488015776125,51.87800338042522,19.06798483237163,572.0070417562986
2331.919626643582,1157.034399879216,3141.480329479565,42.12825930013004,7.6205634330488605,1033.7037752392448
7244.066467233774,3216.3453472131905,8273.43342366766,52.03359459998768,14.072545559919261,1112.8546382142595
5981.548484531087,2555.499891647311,7211.777438395772,56.817434088151415,16.12716688008762,1094.650554197464
4916.622993634317,1682.2277798475227,4889.983926283112,59.625028858001016,19.050955387341315,1544.4262653735477
5419.95293947973,2117.6082923050126,7224.916030276621,37.738206421873166,11.758898458844925,1775.5584112850222
3311.7664290524353,1323.0762428136097,3717.9325945245755,71.96646054978955,21.256308683540077,322.2771029345771
8668.627969425239,3617.149785160573,10430.285533232534,57.674793445541304,17.27844334440694,1824.6162101786279
5193.831772962842,2244.617831364657,6077.773270561379,49.98285846330936,13.038811491947671,1185.9758434345924
5164.092191907339,1882.0934270683117,6769.924417795514,60.89536583076641,15.274144960261573,1219.645141192042
6088.649935848038,2455.958863442605,5887.626702318956,73.65407771999973,23.54924656067204,1086.4421575117965
5721.51384760507,2402.9256401958382,6857.5114459631295,35.612798989431305,12.071251921901762,1784.9944685828314
5335.826036418697,2498.2859951041705,6350.081864953588,47.74737357508646,17.493200822840056,122.31346547296675
3814.2883168320323,1701.841961688994,4350.327786402597,26.215683401266716,6.284670826749599,552.2925459658645
5707.202535703994,2480.1451861254777,7711.756315662608,51.92651532648025,16.96358501854592,1365.4058735272724
7823.03674471255,3150.17135486736,8943.979364227172,53.65394241925141,15.528769269045958,1793.219754917182
7018.130069232467,3159.8668139938627,8807.65417169679,49.6083788455724,17.263463624058684,2080.0055291538747
7389.779939959095,3058.3526749735124,9045.862322303954,43.4546642900169,15.080324840361353,2077.0686845924624
4233.176485353222,1477.9986165978962,5710.571408691624,29.50485483811675,9.273875249883938,703.8644844170326
3515.592769612129,1757.0796003761493,3885.1167811458013,53.73533683411769,15.441540736903331,1353.054175687728
4811.3196198505275,2099.003666074968,5407.099094258754,64.55434483915325,21.2881678089625,605.2430520813781
5083.587368433042,1922.6739420910963,6648.339795858349,44.08981544266568,14.520753679312836,1482.161165082527
6641.287277706423,2536.641669232759,8182.205387412762,54.40059929023145,14.95129898289707,2233.5186947517814
2461.303055427771,1058.665108456299,2181.094993174946,34.31855686579949,7.639969712780985,1099.7326645130388
7294.32547919092,3033.5263904932644,8483.53806779747,54.57213063692514,15.79457338971395,1511.7502876002457
4762.988152131516,1954.518327260408,5908.777109481849,46.06617702255343,16.850680737462447,786.708244540242
4359.67839507887,1821.6985263922695,5650.496184867939,42.375820493970856,15.005720465657333,107.64003088613094
3481.8434371097487,1817.7267184879947,3838.596797935221,42.39636358783869,10.494254137010447,851.6385063790517
2517.714992201346,1274.9717849392598,1564.1299957331444,46.0638841796699,11.483650422101128,-54.065615545190326
6234.755875942872,2541.5612481934054,7743.318643999963,53.824333156925356,18.69666764643658,850.3838433816061
5109.976950782606,2279.318425504913,5521.811995967139,36.87836798804482,8.792238586897788,426.6224897881855
3065.058650388419,967.8924842734829,2669.4009814048973,46.02884668432147,14.827244652580458,382.81556374935633
3057.3818419045756,1322.4344992485326,2252.69524779342,49.58528222000852,13.643442235329909,597.491661137424
4496.322951064808,2250.8557678592006,5802.577971376641,39.00960775468141,14.936972175447787,1036.0718807958142
7503.532287934089,2946.9014413255427,9068.54747072339,67.96665201675017,18.849146006749294,1200.4531398798363
4610.612972954593,1632.336707027066,5419.907377189385,41.46504519938658,14.72623662022763,1456.76444778851
2745.2855703228406,935.0920059808711,3988.8548658687896,43.305630863665094,13.361406567220257,444.9544850695852
4631.385403871083,1580.1459022128365,5876.324826156836,40.21692050177502,12.569465859001081,532.4158641414572
4590.914645378494,1640.175381119472,6317.247595815151,67.98480087138117,16.45482309871155,1031.3290626974172
954.6700355876424,289.24098958754973,449.2363066216725,55.529052285994815,12.252888979387007,1172.7104238894365
4918.557700223281,1616.031325294652,5884.993928290956,40.63407993756358,11.749092100734444,1151.2918233122152
4653.598204686983,1865.343865362194,4775.961158150372,61.06231558859969,18.81250680341313,749.2918272505931
6044.309547220128,2643.293112334713,7138.480290736419,52.00698694288878,13.351700427391187,445.13123138467347
7773.434142418018,2882.4346119304773,9203.813044018283,52.57253421111502,13.594373442381821,1444.9806679975684
6689.847544321636,3055.759998639097,8341.123871817497,46.55522791247547,15.089513633394906,1455.433571408385
4596.6669641677545,1966.3648077990006,5538.782297572254,42.505840130430265,13.87746100004334,725.5429472057659
3340.211136887495,1593.7296011610124,4319.956933404951,53.37766099054601,15.73781617638795,-164.65009174300076
8860.039704874791,3379.5572434868823,10983.767712419196,44.549127700044096,14.925141752385379,1346.7252462232414
5088.827651021732,2249.162367175347,7184.057519917649,68.16755629575104,18.10186229728502,1745.034760648225
5020.8939378694195,1735.3741000489397,5867.424397800241,37.30708894756896,10.480256850096746,1721.1792894391144
4963.812369334995,2208.0868229431253,5486.063492868805,65.36156772854946,22.904225530132184,549.4428892647002
5297.127141151783,2161.810691409096,6479.594377040344,48.88681151202199,14.802687713486232,1395.8038218300676
4783.459382114086,2051.6965578418303,5339.0112449671315,52.99085734021106,16.149882231237317,367.4054840377304
4139.506989679646,1361.9041444656455,5708.388771833843,58.33157766629435,22.111366471823786,1530.0595389334053
4179.711588139412,1448.1171746866137,4874.044886294678,43.69750704995564,10.31056778328915,958.5602415750006
4950.870094676003,2129.6550924337475,5658.255929674208,58.642483846986366,19.185605887380127,1464.9947682434674
4184.862843299353,1436.858136263691,4786.177551383664,22.92456144618823,10.205340993472667,-20.574104931398892
3930.7313259842535,1688.0941034184823,5076.086302916925,42.80010466778061,12.19031554733709,1124.964816159295
5159.6453415378455,1722.073685000077,6112.7009182296715,40.759371926589345,13.947073151686496,1028.0920364653175
4617.534173868717,2059.057222714154,5220.207598577269,37.464939876282386,9.275442968462906,1349.4713701691646
7255.989482874033,2594.2649644574863,9539.863338260604,47.85045161921049,12.981670694628443,1908.6317956237315
1023.5452874104822,547.4930993840737,800.1694245617034,53.85749968181695,16.92718273664035,237.60140221947117
6637.260277883693,2811.311844564977,7982.495370476928,57.026599984993055,18.7051133417191,1027.037236028781
6869.127788746444,2573.458160891184,8569.106422300849,52.40876757200407,17.964503296413714,1763.673648839036
1889.9146513877758,901.4725023262921,1452.2300264567943,43.34306535106453,16.142176779198344,347.9056805749913
4485.968608879477,1859.49800938518,5623.292581358334,53.69016437825167,15.972156196365136,460.8012450120742
4442.8387010063125,1642.4250163543404,4803.8526034673505,51.2428569485085,17.760080594897726,428.49162447241963
2888.732457923268,903.3543121502553,3877.870339924923,59.36056167936016,17.12355881690975,-160.8357165715371
3833.2749686136867,1042.65356452733,4118.604456376936,57.76936702931516,19.134992731971085,511.5094139412057
3334.136231801257,1421.0670045454265,4347.347994085939,50.30476413920629,15.506406837466251,1218.1732693974407
7628.405665135434,2660.1615732136597,9707.003331309876,41.02746993838743,13.199596795680078,1614.596032879804
6403.517589721192,2585.243085748804,8114.939370481833,43.47049844167919,13.888165280547833,1015.8196649827181
6907.332642491238,2697.071002975933,8414.457495108536,44.50210640361966,10.141221901490274,1783.8944975882875
6082.508096064853,2602.78893228549,7183.359243812974,46.84733666083744,11.805957280529686,800.2633083512762
3306.422343174156,1247.0575623971963,3679.4970236415656,52.68050427589753,16.009234162404304,708.9596058012205
4213.21960058034,1602.9258936453632,5791.380866104959,57.15174390128058,13.770965011101836,752.8287337533103
5734.061841841877,2476.592412808825,6531.126600126431,49.48881306984622,16.50906612735338,1536.3776811625517
3166.8082866620816,1350.487821935862,3281.6369072094994,50.161247879004726,16.7914862962777,-155.25252812733402
6069.4976452585815,2506.8380473991274,7616.081641826712,51.43306305000004,16.08426002075559,788.8006561443885
4639.511902762797,1973.1216585572504,5169.345881722109,44.840946868676596,11.210016035087135,108.77955100529266
4437.768788675604,1391.2144846684653,4850.2907976776605,40.74607742357044,14.984101104808161,757.7553968304858
6066.439952305237,2615.77315091884,6557.925811681402,32.4456210268929,13.808107587504587,1819.0017422772626
5666.39496722906,2419.675185395025,6558.219040944613,43.04850641923127,13.20870558066133,880.5553886190486
4458.55075127138,1529.2495183644278,5308.903389577409,54.73145453267787,17.44050711670583,636.3681811564506
6738.9947050463725,2634.577763599999,8208.339509885996,42.970885619604324,13.294742995473385,1783.6611531013427
3378.4050086001544,1341.5351815331542,4529.7391324699265,47.621929625740606,15.347317265719779,1209.955780947681
5923.903410416396,2335.937168066125,7372.133054332572,54.66431287412317,16.160176348984155,1140.495148448884
5889.651886952575,2439.3257464231638,6972.146154566501,55.206894964226684,16.492940009580398,1520.2878044154613
4535.680341029015,2172.113831869402,5343.718571044958,39.204671478339606,13.572836644496613,368.6587977668298
5489.199533363177,2466.1214952634778,6842.118174493404,59.970593564536415,22.682426393153804,1786.8270736353422
3123.3296354220456,921.2770558109669,4384.280643970739,61.27350089355485,15.581907799262977,1699.0190740529347
6386.040528810352,2709.9337091006532,7726.405734314022,38.70150142781441,11.402825459538388,1537.816001356433
4722.646795335517,2221.292048018059,5432.610727297416,41.76163130358846,10.167568420612373,-97.6364516042969
4215.915469221441,1783.068317860877,4562.665562522956,61.910906831461915,21.75732184659074,564.0679626453959
6573.513838755334,2902.1506417986257,7165.613974300289,48.53146478744699,13.3839634975943,1621.1154285857276
3943.484464185861,2080.4613970995356,5065.316193044794,27.80222052548149,5.454264570072859,577.9553942539908
2887.3080554546605,1410.8506087086096,3753.758928365371,36.00318495267314,12.077329483499089,1213.5608882159809
2665.0562397141443,1128.34964479609,3486.749250210304,47.50630374827519,17.74051335396878,827.0898801607615
5909.014927018459,2624.8780893285725,7026.488189246123,38.36957349715398,12.83806778626772,828.5652350207937
3079.3559712555752,1267.9643467764529,4398.694538452565,45.86576229363558,14.16932444265451,632.0035996367415
7632.191272976546,3058.852270011858,8916.570280279446,50.32396213683579,15.915470486602723,1079.5216442757644
1877.105888174417,662.9887963413337,2730.161684412903,64.62254604034729,22.216445137755294,284.1287384286625
7544.684552435057,3408.72716068205,9034.250015427297,47.09546083772211,12.380239711288333,1231.6402902707357
5316.526200803928,1922.003313836071,6075.656058625045,60.72541799572759,17.99393119054565,1650.6861402773047
4854.930332194412,2325.064064047294,6122.181552292175,64.28760162036771,18.380900189091243,2028.99209485438
4182.621369786575,1798.014578849723,5223.963703085887,64.34309669352076,16.967198393472806,120.93010733943902
5598.704171528107,1889.6551249107572,6896.931385467191,52.847545933855685,15.1975132613231,158.13269120074528
4943.547946362727,2069.3315017929463,5972.896746663372,30.36710852161026,11.325574748447973,866.1233783468526
6654.952823024782,2136.974502297007,7966.996846771323,54.608248654038654,17.515678892997045,571.7827151906152
5171.341472993059,2224.9135934049827,7399.7957640268905,60.48399887813541,19.433820663657023,1057.3740964340705
5225.452642192817,2311.4889276243744,6862.671493229467,49.189328945645826,15.049749907000383,1419.5585853415266
4454.581681679216,1633.743683758673,5706.911465507815,67.44583870075249,21.280399175682923,1637.9872849692556
4914.581564418399,1996.7195497562552,5953.397456403773,58.598335614674575,15.978319999706162,1083.6135922413202
5461.702653338089,2673.220419772807,7057.621784304041,55.68273377152784,16.085800359603894,995.7629182428282
2434.7474110150615,847.4622883405405,3180.6942814137997,60.86380711205838,18.643150607554865,-502.24297608352975
2977.7218668414307,926.3618499724223,3586.3686165967347,53.333698512608784,16.555141271546418,608.6369479611855
6114.896141034073,2816.3743070292785,7186.0932066079295,25.071895006046464,8.161944211657685,1258.6228584815453
5256.298157191913,2593.1660605094635,6267.0991197989515,45.008610485296344,13.225912581556146,1370.738038544755
4724.024995470982,1890.5339161503546,4083.61712662615,61.97168027247854,17.836657279482903,590.5609483296507
5027.650899598089,2263.926118691325,6138.481499166528,41.92408659901704,18.892768545793707,788.0038798016881
5521.372558042506,2543.918002099723,6381.409029595827,47.76527494763061,16.14315703015398,365.27338395640925
4190.360479535958,1490.5231336797872,5824.767574584592,39.55163686096929,12.691786010196031,-307.57430753484095
3832.542911896531,1411.6907059166456,4608.723529681714,67.83922595201769,19.885350789192515,212.2600369809146
5293.767882646523,2425.225781347293,5758.039749408345,66.81492457418015,19.142039718366295,273.5906694027964
3532.440833577452,1834.2299031081084,4213.988923228883,41.16131104859271,12.086792127123902,874.844314425796
5612.379133571708,2385.671868472272,6211.794417754797,51.47298000389084,16.02755168834062,863.4087983809129
2446.124593643239,758.4962490817823,3172.05322022812,43.19505952235952,9.197646768581693,220.10635369125333
6543.733455988466,3114.2586603202467,7997.953829355901,56.149446390313784,13.706054726344767,816.5401681100873
5708.896223619565,2150.815764994835,7329.595283897611,55.09683077242329,15.255284453849072,-474.5034715323038
5384.044601470813,2069.833395295462,6065.412625917694,58.117055716132654,17.849395588396934,1830.9642946679378
6474.03647591827,2675.1990489897134,7785.847819215997,53.31918447707887,15.517209048819957,794.67203379526
7498.2116666938655,3387.8247718562397,8315.34310231932,79.35406206388468,26.76246107136437,1293.4322984138196
6521.555097527195,2822.116033148934,8176.613507994991,39.72076234989261,8.951435130976245,576.8649368607839
2238.688653002532,999.1918362914905,2945.8619738230996,32.89396645563485,8.365498997483716,933.7029023208233
3080.6345498964474,1348.0759524881055,3944.663970389522,46.069097992985384,16.860912879877816,687.8413784979517
4062.7721334564817,1635.9875205434594,4876.136075826248,34.320117344397325,10.558273852669492,399.3717840583621
5039.136575316251,2155.189508756127,6254.350335773896,35.07537729994007,12.292298355584338,811.7125093912383
5776.488530703685,1678.2053928578985,7733.95579099872,39.986853458020335,16.09854992394503,1994.387667203172
3911.384280269802,1490.4018473404712,4551.114007802755,40.77811094568372,10.845824447901471,745.7921401133212
5280.150146715618,2172.3905424154423,6405.502767913784,40.4538189804994,11.937517018565755,965.1632605351706
3866.925601470016,1259.0167196831296,4097.247572173314,55.182189504454115,16.00980304947449,302.69437722437056
4082.7232955120776,1729.6701476577211,4465.137473815326,44.93810938914664,9.57224680777744,-130.74591613373582
2890.0083547276668,1104.8855366445364,3516.9166722198534,48.2048542512752,13.840662667870621,497.9823341558612
3615.1501308336437,1884.9289769123302,4890.146930351326,58.94232774500935,19.444822698264137,885.7725823290376
2972.4730915754994,1582.244167933914,3438.827297764813,42.33677475218574,13.782211509280204,1144.2868504789349
3536.190120534001,1298.0246559340599,4125.469879984739,47.35454101295278,15.444528642661854,-417.0102431430274
6580.462694911759,2594.47565007303,7693.112611641924,53.65759986092915,15.346261996999745,753.5443754708374
3575.9016667520855,1411.8737752987363,4023.703664680341,30.584321993797786,7.863102126128052,424.809788072192
8948.573097256087,3466.5143698625293,10885.773444561715,26.150944910494175,10.383794816945493,1787.9741951646165
5739.976851321334,2344.746986535565,6139.343398996279,53.461173287977225,15.043717693677827,1075.4785245000555
5277.254185542311,1921.3311569950267,6973.1748109841365,54.92014280566899,17.064206919287123,994.6064942648273
3712.46332972818,1202.3314981568903,4122.2448466090855,70.64220134852411,21.51932976591231,946.5406952306082
6050.4648191134875,2575.8637336204624,7621.509525655255,51.5809487586681,18.397718660114666,758.446408433143
4136.543260643339,1811.9997003127883,4328.852614075068,58.19739717258095,19.402043867119005,1294.3793732455151
5183.014721968042,1872.1269488722187,6554.037731634759,48.04527356414026,11.823064827907835,1253.3291652433488
8840.126807403192,3759.889580651927,10944.12447279108,52.972272215850865,13.516575331205178,1608.109229416599
4855.910150413025,1784.4696278738772,6019.193216498578,66.67256841749534,21.15959016138687,1771.6360260270626
6723.909989428514,2752.855305280901,7571.4777264143195,28.760071818743643,8.49934625086476,2122.990015671586
3945.235362311169,1783.1801480775816,4859.056529572441,54.1361625757168,15.330505204807512,1255.4947500591381
4947.517264254558,1970.6037645258948,5345.492624738275,71.35586730077367,23.43801595822104,-519.7749324329848
7656.200953453264,3176.1656094165896,9061.059516595824,52.82034219209343,16.221021421805847,2320.7127370496405
4059.549413318349,1494.7123543554467,5386.165846459681,66.50572963232848,20.05663366347743,1209.2891438996369
7718.672836995393,3038.352488941133,9660.758367929842,43.707878504705576,14.67202083292177,2546.938886255547
6061.627903183213,2373.1863035532,7281.544955090072,49.67952505836286,14.153639527621728,1831.057876503412
4156.299836158599,1475.8753478283797,4500.156515428897,50.33524702388588,18.23761207811087,1620.4313059803626
5948.611608583282,2335.251102654367,7461.1277863870355,27.824089206412292,6.771131515457672,1629.0497468068459
6458.8316744400945,2196.3780950601013,7760.288628177126,38.318221721498,12.809324649133575,1966.1129342107752
5932.714943325795,2250.2975405447914,5959.100132875742,39.03124920616014,14.57704043916773,2183.604859032379
2644.6629201643154,986.6462947233085,3564.9104173554374,58.220660780325275,14.711607255553382,637.2099532219661
3909.2942362626973,1499.672756381234,4679.03666658039,58.72153105684055,16.929788965347267,-4.256424786525372
4628.722046672743,1791.1144572014027,6155.6920799988275,53.24036442706533,18.256524113890713,772.0139593269776
4888.349856349931,1939.89889257494,5318.384568198514,58.24102896855706,19.78679778602917,1172.6427709617046
5931.008146326017,2492.2636380519225,5528.85786899322,48.35850587278226,14.164560561058199,1223.6454214509822
5266.551501399881,2325.249869093083,6459.40373085245,62.01931669539543,17.13645282126491,430.029317200263
2996.983461934848,1036.3520780618726,3742.1619926628036,50.08788442632072,16.93823697255774,-216.1371202105198
5570.296776508945,1927.318496756292,5839.020318007508,50.578640474267566,17.54069034744348,743.4780209843744
5915.878617925735,2105.8403441095184,6609.804568577578,47.34407366737589,11.873895403187976,1587.0455015772227
5839.68567189656,2214.0735384598925,8385.231678135822,56.844504776364275,14.64552413497652,1958.1070197907966
6621.171088331933,2560.4881058786464,7792.599998921417,45.78801183387087,14.186916914128458,1782.5180245552374
6250.883231823356,2307.8542761799786,7866.539366376135,59.76431377198068,19.188015398451988,1778.8902899217394
5688.770118842655,1951.4788814745887,6501.194228926995,38.67850859283993,11.00541440739187,1097.3462371867524
4894.75143281203,1843.8703662562648,4828.550269947857,39.010837452718064,13.061838875780117,107.90905770942402
2508.5585997260127,1048.780094918898,2925.1411962732623,56.87426755126504,15.642007051704748,274.1014295038499
5644.427328698879,2406.528297938443,6640.510514295603,49.114557854169874,10.504980158103491,999.5032598035864
5311.531530744667,1985.2568490207868,6173.898717559415,45.46108583846872,12.790523606875423,813.7800627310925
5407.368255793061,2059.697846781366,6431.521489198476,58.90057732475459,17.79663749045258,1108.8210838459254
3084.877136269536,1002.2762772959868,3833.9866993462615,43.92738585913916,12.626535837948833,837.6853072003826
3378.4151893876065,1343.5062831613486,3979.0397516382245,47.9979874569963,12.082189709779918,1102.19063199927
6579.729279999356,2419.7845534520384,7263.672052025545,63.99227950071159,15.566385898455842,1176.885923816704
4940.667269215018,2119.548860996307,6171.893118838991,65.3914234581065,18.589249428696153,36.253751020706886
6022.2510460589365,1962.4337954400469,6252.015377609512,65.72398210270327,21.51250617411047,963.0113495662199
5042.477564195692,1927.0836075651612,5025.79434839273,47.17874223066089,16.66601754802563,1030.3507113351304
5044.634209243618,2093.1305184953826,6423.151298443126,62.3070290498447,21.06753548323032,1620.3308029154277
6407.425708963997,2608.9289126662247,7942.420986824474,40.51047172231322,10.521322446396859,997.5812207007466
4225.93290767394,2363.6315790647,5042.4218066717085,40.930971252779386,9.971878728573088,1101.458395734489
5144.181165411475,2145.122472306567,5475.293146116234,26.49544147375639,8.941901672086708,1173.8801829000113
4306.587066942437,1471.6211775664722,4813.949009993886,66.7286820189853,21.28880462889144,883.2676799501816
4348.255658851526,1715.4362017683422,5086.5334167785795,41.36020150923922,13.208399663172761,1334.917791432601
4536.241814797041,1370.4351425522036,4645.5431934693925,48.7346742025294,10.592275712283293,576.8277645831179
5333.200657450569,2113.1303256560373,6030.326459929067,40.89675658071716,10.535257804448214,779.0469066683556
4281.877067504784,1504.4868127517238,5464.41765009408,56.9516524833014,17.026118164418463,850.4250019538426
6883.634188360281,2982.301244234153,8974.013708176944,46.2436633928266,14.847535407108833,1056.6535851252065
3658.089046670744,1325.850550019414,4179.989479675618,36.95183109567051,12.620164053906125,985.6239548614487
4719.692533757961,1858.685534554373,6041.875217667603,54.416625641860605,16.613494737122263,587.3423545685259
4340.403412588737,1577.271904684394,4251.4540598127505,35.66269975189772,11.360377538645787,981.2327863903147
7170.466826530599,3302.8995685755726,8934.285812393526,41.625942746845084,12.657513740775734,1384.0069809127417
5294.832164767362,2037.6221743774668,5951.824390357094,28.93110885373919,10.050571404558722,1166.4294153418252
6547.766809202953,3077.245984550982,8010.992979397527,35.760418878023934,11.353856966389003,1079.682664309071
2771.6594404445423,1312.2017167073836,3202.115119413596,51.78529169720478,15.667062829256007,384.787740825495
5400.575398803889,2280.746841355402,7140.897483456583,30.354639618970754,8.569654287416464,1128.1197137593026
6334.446193435156,2625.9617642034423,7164.117607952227,35.18854275378284,10.719145676219815,1367.9264917676874
5123.425983913136,2147.8197181193177,6461.914329476679,49.97631083867192,15.962076009280125,1022.5842390870494
6598.220562598027,2157.3700802028084,7778.110943469365,44.56393103906947,13.904130089516965,2172.3252907761475
4224.067324849442,1619.906081402088,4989.728050814499,69.92036635959309,21.737762744568435,349.44500559924643
7114.021160278369,3056.8979569074286,8444.89844575444,68.33896546024376,23.187133360775498,1390.7023345793173
8448.347185428876,3367.1145783030242,9715.180070267596,41.32077537248846,12.926560457239713,902.854926027283
4455.7421593405115,1430.9994020353108,5339.841108255278,55.57137618403482,15.37341581426413,1077.1891712017955
4331.746217898843,1719.5973745151698,5166.7713504177,57.492825568794515,19.015061242626693,308.72597539136154
7180.076715676551,3298.0570653344935,8736.712183015225,44.02521141975597,10.475166750588956,1296.8602151970222
7369.358218596069,3259.4662163221074,8885.482435161714,35.04458463501796,8.350548629026814,1287.8394810535508
4215.709959270098,1670.7829813665312,5457.849225930236,49.87701550691943,15.634799181515966,983.5875551546053
4369.719774356214,1985.7502290070072,5705.418037251141,48.271543251858894,15.514256311130826,597.5484960986528
4577.323086709239,1739.3024795916826,4967.476043137186,45.64235503029381,11.202604062080152,617.8117684948566
2983.3242334485844,767.361796672754,4014.375330433687,54.42316868164485,15.561315642519954,1314.5930787326658
3622.0220802737026,1217.6923350770924,3753.258282773516,42.492703929944014,11.535643514543887,866.6878112920036
3493.7888498718985,1788.2377320758087,4486.474563915146,38.480024524208574,10.570654711499378,418.2323439632457
3848.3036523438072,1470.823190480197,4927.833775164003,51.090829703498315,17.214444463595385,644.2438945631461
4947.972668919828,1918.3430727241766,4981.908756872542,53.859700925688756,17.57092120480113,1812.272009919338
5351.3220988047815,2065.5692904531925,6468.076141830443,38.23355056099947,11.431820808592425,952.6819806354079
7325.7507392211155,3406.3344430816983,8556.65283038518,59.28090610991081,16.69234797874339,1120.5118362680294
3502.4689388918137,1807.4773043972414,3823.5800977024887,32.29518862223922,6.989257246231486,357.9957127151664
6476.483597714876,3145.288497447984,8447.206482607353,44.21886541284357,16.106029501416966,1020.7334790481866
4679.016733661737,1831.845390864682,5287.980510075375,47.41991463802391,15.410202191977008,638.5544855189862
4925.804435521351,2044.227896395314,5507.776858066595,43.6377628734807,11.67799065389793,345.3369629296486
6012.229238249905,2025.7310579447644,7252.522555902433,44.349395264488074,14.744017574596205,640.3457991764919
3315.916967656552,1695.6003935921894,4321.89523433707,68.71074482308114,20.47277620577509,248.52320635062546
5573.614619276076,1937.5009598934466,6617.513250126228,41.49115910961101,11.873128723158617,1410.508433081764
5249.678312319584,2154.0652158684907,6882.799247618126,74.41221722471914,23.19408822399495,859.3170188274801
5738.676896012224,2021.1451264966786,7151.900106196713,54.371267797310516,14.828383839367703,1044.1545346554246
5433.752965861727,2026.2844796600166,5431.397899168357,50.92055137311992,14.588652372915755,1721.7946057997938
8682.950209866342,3263.8644761841115,10154.806770086105,54.76240353387666,16.671643188562086,2384.0936169424776
4043.390023623026,1465.387194280256,4571.146978671782,75.29927749251952,21.59088086198543,667.6155331557377
4203.5045674972735,1546.6211512116647,5283.885957711439,40.06406996068552,13.357391408740705,525.2691581577502
4065.2892103628537,1489.0484854138724,3565.9385242483686,38.79582081063611,15.376879250547354,380.84268523580187
4166.784321259618,1875.047206448924,6274.646039870402,42.45133803428079,11.226805145069951,1179.7447491060425
4043.919309040223,1341.3520253504594,5118.2162182953725,50.32143146964561,11.766178848285595,706.4302450469008
6783.524796661328,2768.545275417998,8214.66815795244,32.74228875187427,5.819206290609757,1163.4575141708706
7130.756371984782,3156.7923368703027,9147.691504591312,50.22339239318608,14.76608143496586,1019.3189868281802
4143.880559375785,1529.253132621965,6144.483697657254,66.93547133413672,18.754312219988652,443.94290736946283
3751.4666403436568,1321.1069334505623,4937.13329070659,51.51407390624777,15.869943174008492,910.3224238153537
5707.123334579606,2225.21817753678,7322.9545497313375,47.07314541024723,14.38713896712637,483.70553397229025
4171.665433578543,1963.597475521595,5071.343532526443,43.81839551316372,9.939084960720924,1331.767433609678
5949.397726633266,2428.285998391646,7068.514395276445,58.98511704551564,14.06576745469188,922.957223419194
5304.38453127695,1988.9502388588803,6127.363715529889,41.74167226761952,13.114368160978046,986.0589341294937
2726.383827504152,1211.5226937986708,2858.604597147711,68.46395920599248,20.810045431237658,-123.2122135694467
7321.257801995092,2652.9300833389316,8442.002312544362,69.33359747714357,19.94844324640997,1458.0685912778365
7693.816509643282,3247.86648146805,8557.301829400447,52.567507986617876,12.455965225720753,1374.6028305833765
4080.8169642734206,1734.4786126348101,4859.044631785593,49.88484911923355,15.908237261300046,791.1230934264509
4418.447660096024,1690.4269462536888,4459.8034035020355,60.30659808241559,20.635778515572564,1619.54398120015
5428.798086087358,1961.8727848231351,6610.015965376685,60.94798502227325,18.84036038711982,1174.6086401125913
5501.685184980537,1979.0038434213504,6583.856917955473,41.94008268940584,10.887077025691623,703.0074449232054
5987.816409009246,2528.830897690176,7258.8473400044395,44.73444866863298,13.509438931732195,841.903326528565
8015.306808149524,3513.367848882075,9357.302384769433,36.77652565316704,8.300729534082741,1900.6269545867892
4734.579158758926,1734.5047267463717,7219.925175600963,54.09064938334057,18.343116242679756,1596.2624772484971
3802.5541331923196,1635.618329164799,5243.12290992094,56.66627883456891,17.163572319429747,901.469837013989
2931.021157978209,650.6517085407663,2894.9541395314895,36.50074362138727,7.413909262909718,930.5606038730266
3903.6049400871216,1415.2875433705487,4800.7599718179945,45.44801095183841,13.033054564664157,1085.589849685777
4950.309540689304,1972.3590830579963,5636.3683773585035,36.527460824186505,11.884841267724411,1699.5941148166214
7691.836795276682,2849.3138638652144,8722.96429097831,41.012001897561625,11.637505327317443,563.5722726923201
4223.583051445743,1455.3066268808984,4398.263626172924,55.510170602262995,16.10125973779855,1178.326079941413
5335.681927458348,1967.3278818661179,6618.926658329644,42.6651793332172,10.350749385870618,1559.0044074434516
4975.3656558908715,2063.194444437942,5629.748669534259,46.99174043967702,15.230604106066417,325.71127811038764
6782.589910172126,2666.203709467257,8623.020904219153,33.726882720526845,8.821126416119778,913.6838900312173
8790.398638810433,2956.6016471929306,11045.369473837738,51.869902097246644,11.248079875163928,1332.68835344801
4203.696840619519,1151.303698089041,5731.393401349147,49.55726680155351,14.124665299125265,476.3442699352122
4265.840836222666,1554.6200400247728,4692.815620430148,42.71040749966838,14.77542168104122,612.3096417767704
6566.241315603608,2740.9181727548316,8117.172384070334,48.10985702317526,13.659098213752682,1434.5496696481925
6022.8372344394675,1722.2586830944783,7543.631789648512,51.80294880503445,19.016854611757374,1637.4047724715783
7770.06098860405,2983.0918514037126,9086.984098772878,41.85131851090656,13.413331450369002,2094.6706766050784
5875.892277988946,2218.7949470662234,6665.184754890298,35.23737455998221,11.248728692555394,756.2669250138983
4461.061863819411,2131.5091900798766,6158.03456947128,68.05574432686815,20.159926766225226,469.86087341239096
5885.982246038464,2258.1374454871698,7176.9266331121835,43.66727295289727,12.9636094703406,1835.1073692158043
6663.055370874362,2760.9693945349773,8313.650320405102,49.032398968131105,14.182872420200322,1655.9830418841948
6230.723271796046,2527.6035937402844,7065.829920241292,60.108397350203134,17.427980420895885,1287.5770752937074
5760.911046660946,1771.7227987125784,6303.451022732039,85.29055187570484,26.648899886845747,1388.8505471096728
6600.012034383731,2832.0566179114267,7635.289554014422,37.555135501111344,9.394878190752271,1305.1005159510257
6753.943385668509,2755.426480631476,8042.721369107212,54.4982721372651,14.19769398373101,1613.081018657509
7073.238486556291,2956.362554541164,7955.776180458875,42.92447714705894,10.630953042366926,1246.6143490583881
5973.064831384464,3370.7853591628673,7162.755393336165,44.61209695423289,17.474938181624175,1329.0154334965082
4749.322879524719,1378.7009169352405,4854.934861395412,42.7978797899321,13.900049740320789,194.59155072019564
5220.070529649985,2519.202374300271,5704.060924345045,38.743450321994146,12.232019499958533,700.1219585172814
6809.763449762535,2652.0435000549255,8507.17176385348,49.58708638215339,12.761096574059152,1023.4471015573354
3774.596493519146,1581.6708235084106,4831.411052361922,35.254973129517644,11.82317654020495,567.7242821003722
5553.009963309351,2209.82592399843,6467.673573277788,59.468075665118704,17.607280006628955,647.3453652719963
4409.991781508959,1657.9376292540728,4783.107983272274,50.550029360333745,15.593346690363623,615.226543390251
5043.117234402226,1874.788661701201,5538.038905519666,54.2243497290144,14.314064286977207,251.41641568138493
6917.677793910948,2849.4483014576313,8114.579229722481,45.33811388053777,13.921971878996484,1657.8857969796397
5286.648602029855,1735.3660166440225,6666.237568258472,46.327960657882514,13.050721120951788,1016.0729609502739
5069.6548222342235,2215.506720774131,6547.70863235323,52.87563905167328,14.331469401441609,161.32716055883634
2960.2157885301212,1080.0377141907352,3303.9930784951607,38.35949367594175,12.976060774397022,174.62820243268777
6119.380349040831,2165.234804856243,6766.510205856604,46.42009565586664,10.850613079699986,1392.1767835892497
5968.226271711613,2274.7872941856917,7295.793344987102,41.40386486121546,13.550711986992939,922.1342811494278
8244.88208495819,3612.2401381989193,9482.091016636903,41.094311894089856,13.697265835332948,1300.5056869225896
4538.332647570499,1681.4992872741439,5186.872857653997,28.901617593743584,6.911197927020593,870.3701910100616
5328.7254914959085,2221.1036011507686,7057.108635013608,63.393265894799995,17.377322846175062,1237.54386588829
5374.075525566133,1966.8911412975851,6862.448344962244,43.13461246846231,12.494332378005888,356.6388765936465
7366.179919645212,3135.95243033899,8918.40305969998,61.633760551635504,19.05420058641509,1748.300224537982
4857.056701419572,2114.19961526538,5192.508541147125,60.68792321394292,17.900666980554426,571.2646994802261
5418.532288655509,2629.5651237863067,6607.93703012194,37.14000293483507,12.009125800834278,1074.7424736062026
5911.844764574809,2320.84691945512,7625.542362883534,39.11588764327154,15.26072559805626,1164.6588825692072
5279.913684734537,2279.1291750832916,6148.079588798677,75.60502959355684,21.666075339767623,792.4496778270203
4330.349578174208,1756.6567161544192,5871.976538802406,67.50925941927143,16.822417884374588,354.24004256948433
5291.134989347462,2440.4219412047382,6995.734631976057,49.68481486671896,16.557291626076992,915.3837238233606
6610.447624789658,2464.4709530136806,8764.403565819326,52.573731064173494,19.138748471107107,2134.754679495529
3460.22705088341,1570.3421485726844,4304.894024325768,43.691535970528115,13.892997517260683,11.207894944866553
5199.454511220314,2031.107480458955,6533.041263367383,54.3235271420034,14.121560791893685,1886.0474117965005
3949.81877759124,1563.8804667593715,5446.876177275033,42.82818099277529,12.600669571362184,660.1031699799819
6792.569943387263,2739.9660984669986,8374.780900599204,29.676462357016153,6.66589173868158,1376.1996972217723
2715.219642824338,1149.1479562364045,3007.646517494099,36.78444213488949,12.321043628392742,-0.31147712749611856
4161.617229092618,1635.5896308565577,4769.66925664721,50.21092747850587,12.360697438154892,446.6887374797832
5565.817812596782,2280.0054208313445,6798.258852003007,38.68932764497412,11.006540719835836,861.7087375003468
7348.286043851511,3333.8439319311506,8172.662541648704,49.32722535086465,12.78949195267158,946.8097233313462
4901.374608390518,2206.912264760012,5810.020072386525,39.25338960567137,12.029666251971335,875.8159429926677
4167.200709960202,1884.1689321083052,5548.91441106737,42.176460774980065,11.920254878218504,629.9321960886549
7821.7356041608855,3014.8093601583864,8290.455799410422,58.531653064131916,17.9130201257401,2489.7376920500437
2827.979149375634,908.8814526931726,4160.8160301480175,52.474805476401045,15.787142752853043,-17.391262965103692
1701.7910650698773,919.5415655873892,2603.3363874354322,49.90335578686653,12.997688680611736,391.7034713882691
5660.021675079998,2483.020368164448,6562.14370218076,58.78963973070651,18.890646046269996,1255.927475966912
4246.918663471083,2066.9351343261787,5367.997810101205,54.806085933473476,16.34429447635581,314.2234583682979
3468.15077430393,1236.2651532292648,4163.35479261788,64.46563291251367,17.3626318580223,1037.0439025872054
6062.5346709490295,2367.626704539525,7890.036789358177,45.401407376848596,18.102275325466163,1013.3434277489919
5365.701070656798,1736.409387631361,6930.182856173128,45.70365021472492,14.663955397851725,-173.05461166017403
4153.882053894908,1563.4350450427448,4284.623103082385,36.98890733608655,10.790151094027353,1160.701216831264
3079.5434019936583,1480.959988442325,3989.083289124478,45.7101928262758,16.543466901286386,57.43823834754983
6308.685992420217,2406.8505521610377,7467.609264082636,59.64769894302446,21.577940901680552,737.8497254144941
5975.3017669379915,2550.2406555754023,7211.77840558464,62.99987372262134,18.609263272158632,1539.0113948337973
4851.236204330926,1892.8687052329176,5457.397494712203,59.60305168086668,18.575710477129526,796.6664996569602
7769.955494071499,3188.99645468399,10198.015127446217,32.05808133450564,7.64141876434581,2012.8771740900502
3394.872850510771,1071.0262927503918,4593.878330564213,60.831452126607346,17.95505013644618,1284.0576177848138
2711.7122436128916,1105.987259853632,2884.1691103489866,31.614813767279294,9.086319022664048,219.87821856142938
3962.1378951781335,837.0711653460727,4087.260170758644,58.98117324122347,18.064006039610348,1189.058827013142
4931.620975466753,1925.924350646205,5725.10885507118,46.32215473428945,14.562167377560854,608.5937943969097
5365.009173984038,1738.3853586648306,6655.262331826498,57.02533313933856,18.227256839457688,2189.559793362896
4638.145913215505,2156.7569944229062,5685.878017831717,36.67551652105434,11.477940268916221,581.1506803774935
5528.083094771445,2405.5850760997055,7260.266126109856,61.71167632706147,16.09201764486011,1618.660339434291
3122.6908637143342,1365.744090977254,4142.188897547627,35.35025253895111,8.728141550203162,1046.4331856836548
7165.646906109889,3246.5103192338006,9083.560800208319,43.315450891468224,11.901820028513121,1591.1732922764447
4876.773232411147,1713.4801627582494,6015.555579198594,40.01905372230965,11.441234932846438,640.0830657738877
6675.943747382192,3107.2182984317665,7316.483131753134,32.457151471775006,11.838694022476728,1259.490003505734
5514.088019566556,2438.6830988917186,6519.056357906416,50.94527567588468,12.957704729059579,26.023547441035134
5685.129828730676,2214.9131096875344,7352.200664431144,68.06089117836962,19.703437257169483,1249.2359849372606
5854.650920348306,2625.7654049350585,6999.819640155643,76.66905222320008,24.90673466338812,1345.7378495838539
5671.562840025972,1992.0517579074804,7057.42059234304,50.971557870862476,14.691712412265518,1201.0622775358802
5964.084139801316,2179.505115538608,6997.526810138513,61.16681275067522,19.270875124888214,-293.8362576860154
6993.728795198647,2645.344087269534,7877.568629967454,52.320946379285374,15.417199827929805,765.9275364948242
5294.781754552205,1985.6682748048781,6292.066073439591,54.98883194768213,17.010216098954082,684.9108594861096
6063.505636382768,2161.2628438630445,7430.730485175648,46.57851348872761,13.516608958999202,1358.5305938710767
4865.39645856916,2251.9293502014953,5510.631890552269,51.950769254226024,16.919361721724513,1117.7487445353242
7160.17582317421,2799.356729177226,8474.355365380716,55.374787046064284,13.522323299006414,1346.9232686492523
3985.4115469110957,1682.2908608536582,4312.7622353003235,44.215402711236685,12.537996796593916,1114.7050776841975
7701.410649366224,2937.9764181430696,9801.315238021518,49.22505700107012,15.36066245370965,1027.1609422217948
4939.763074033485,1520.7544044762649,5780.487810046166,49.41569881002512,15.892100139019922,1293.0701176536952
2853.837346822928,1209.0492783270267,4150.982588750605,58.26403317330525,20.46511519749923,808.1385217845311
5192.156622366184,1598.7989050915294,6994.961872109875,39.339678283723195,11.019854151385804,1227.2086908921922
3978.422513787679,1574.2104939937044,4733.584034184343,49.48457791392349,17.804336897898793,704.6642872147079
6260.965323483086,2162.307369685032,7008.934021906028,69.12005469052697,19.41796875383875,2167.564977112248
4021.0640310464137,2105.2446122262677,3782.3278983890277,61.640601525859374,21.149473280847097,1050.810650454222
4330.72485017783,1960.1306206148126,4460.851283700001,63.49179048888705,20.68247140006286,381.9770384087866
2165.6889035817035,892.7140092505516,1911.909271848714,50.24431840178034,13.246378361269656,557.2905185843329
4321.540521126385,2044.5428778642213,5875.083439082415,53.20997563686023,16.577071165561712,1240.5497927623862
1364.181010056565,334.093409656192,1694.929505681351,60.02236166702925,17.904236829044393,-21.21809745084181
2624.145764771415,1185.5281505760893,3343.777179771692,65.60255529530932,20.931935775942794,1069.4652764198324
6140.621984216446,2506.201402116257,6258.535876592173,30.483970871171135,8.69864808448472,1419.1412497012948
6178.700237976248,2537.485115523917,6815.457070962866,36.84558692950154,10.439183627527001,64.50087876257612
5638.186342677447,2573.362912097671,7209.36349943608,63.09444101402648,21.666521469733645,1277.4732572044527
3549.5357853061805,1602.937339817423,4402.829998558709,47.23110644231196,13.971890143782241,506.8925798548785
4928.43296578703,2043.554102021068,5840.516919601638,43.282792107419226,14.637682280609301,1254.2765004282742
4994.596191364148,1584.1166174885852,6275.936608937039,37.45839013004396,10.786814068924787,1471.0266583987368
3262.452966211186,1064.9696126646086,4732.84246252133,44.44983298455891,16.66827641382272,750.0716168131462
7255.097452650725,2871.361747661359,8595.595711412345,35.97630716576175,9.436222891057538,2283.6456075024926
6316.043435863507,2549.7604679145657,7613.937024365242,70.91094272732477,20.04499575570306,1173.8552448909536
4668.553739255504,1584.8705645337209,5698.562946472258,49.775639480194265,17.981726206290084,1246.1196593780385
5040.328758491796,2619.0506722913237,7244.449327827151,49.420494582372825,13.936255592921341,1410.537038517033
5312.574211921329,2504.128198581925,5325.410922096082,55.880766751678316,19.96637863783228,1013.8418579378995
1937.397697363564,925.4886590435465,2666.4887442306804,59.6234516926657,19.670716666989335,776.866693461604
4629.233926219104,1869.702785808578,5497.679587083393,59.45888156554639,17.52836505654225,628.5102916627366
3977.0236280033023,1537.7572087260332,5055.814216696052,60.73621943907572,14.594278887688398,584.1205160900513
3497.5699851576264,1161.048379057492,3868.397705191789,43.69154449209144,13.068826739083761,43.26965186336918
4578.349560671068,1850.7099538981427,5469.536957376056,47.02133195043139,14.309659692196266,1036.374470319237
7696.529790274284,3143.0500511454015,9591.541038061889,57.69031655442276,19.64153043293557,1701.9317959820291
5961.264291900515,2074.0655728897996,8709.972250802539,44.7261093836038,16.594727167561363,1781.8844376697175
4143.231515325805,1740.8367104415465,5375.895913092002,49.94893367972775,13.61470574563083,1224.2163052431029
5858.874172034238,2304.734906607508,6606.616207425831,53.987637644248146,17.798654821250807,1029.3770560831308
7099.033154879004,2362.6613724822537,8306.959944843451,57.85185082310376,18.886359558957828,830.7167873086623
6386.950524369153,2339.683957052786,7437.633575051055,32.22319037629799,11.813782517710287,1493.8153061338178
5089.445554880262,1932.3768385966937,5209.513079541307,57.147456498889454,18.141616773937926,1573.2656971833735
4029.594833441639,2083.759847711703,4670.4687042792475,47.66275942148275,10.413832444521283,1183.5114535902994
6047.334970420385,2558.0722693015937,7623.216505415334,57.07457710864381,16.811528267537625,1751.7057565127207
5590.228078132624,1902.2208389780772,6071.157634220752,57.76931692354829,15.019379927230656,1012.1008500274037
6342.789830041598,2658.625004371049,8135.5891215752135,66.07915061119158,19.418533637521325,1035.248481920497
5952.757702522954,1994.2770837745902,7387.196653569714,63.53453647621203,21.0203694151314,822.1008643886912
6574.329072979002,2900.4043926633694,7522.078226589283,63.46571662610296,19.65001665958083,1286.917581289003
4197.147182659148,1561.0777101091896,4965.811800522053,64.43670319166239,21.627192690293583,800.13403854742
6976.0910984514885,2767.027392195803,9170.470221962303,52.91378984815946,16.557644795874918,1498.5570339598557
5296.3994070386,2450.008924700988,6722.453195199252,50.321850870368394,12.499903381772711,994.6311528899661
8112.891308937898,2923.365631429097,9739.861398174551,58.728170831783345,12.576757236389533,1555.7643969241942
3966.218272865648,1237.2077628680115,4640.620268958286,57.32080951433022,17.493860377658244,404.8966280870577
7603.945704747874,2895.6784503126487,9163.03938092328,46.9093376326174,13.644948357082889,1991.5986477253202
5296.866175193972,2378.341182832418,6100.357631261614,54.04823408808268,14.26057874766104,1097.63226616065
4022.8729945783275,1229.3126789621206,3775.0728406344856,49.64903533215406,11.493456100343462,717.3526317730244
4274.171248918517,1001.6296000397648,6150.094453969586,41.46067091539944,10.968714847674413,481.11962315910114
4519.47903770852,1695.0019004811584,5501.037344849925,62.9046074137635,18.4823992543995,237.93925234616108
5636.248919602875,2392.43476781888,6962.572336084718,50.551992425300895,16.497353375003048,1781.231880195247
5784.253232053249,2613.766730256007,6912.150003525444,70.48708257698851,21.523386936232512,1434.1700004765535
4139.449994092131,1539.989657115503,4599.781592548263,33.745077298001675,13.33965768374596,15.931077533442703
4963.468111608526,1882.5305928644098,5863.199493455846,44.432212271566335,11.258455569379112,1374.2647726765338
8213.405537917795,3573.837398731055,9056.389264404199,50.326388366908716,16.860034294187482,2103.921692700114
7591.3147551510665,2569.0904771365717,10248.12095520793,61.37381097628914,18.5067407791442,1580.4510121806782
5654.485504511048,2164.6640080086668,6168.1266062020595,53.99469372602185,17.587746366043724,1929.952548778089
5057.0052172523,2070.4080593821845,5552.42311877917,53.10472754180751,15.058388536011167,1119.7608645119014
5180.046990077392,2184.323476352216,5995.92678589967,38.727362074458526,13.761569370118735,327.5976340408837
5920.276959095625,2240.6591103405294,7748.370213340938,38.43058602770529,12.119625325002072,1366.6398923432857
3465.811152202392,1394.9347138074172,4166.227882274197,53.22504660289905,14.608624011034216,815.610881296843
4613.9351938649825,1223.4922391927457,4918.654334622747,36.35894006181641,10.883633960718546,621.138614383919
2497.123889183616,834.2874525899845,3623.717847399009,44.68122249710672,12.925255031257816,786.2041962754358
5598.834683907919,2352.9110517017843,7084.101934082242,55.00917329085858,17.48110868853316,285.9343036861528
5970.793909554111,2142.744055257975,7434.170170073159,40.17675727723224,9.693473684420654,1689.4421956322171
4275.220306550939,1724.834178017775,5488.131488446546,66.05355962361807,19.757364482854033,415.9832095074616
7360.980144935049,3056.110183174694,10030.357124213284,62.2393634423789,19.462423538012334,979.7229664284937
3161.3515054964882,1178.9033019841543,4886.169254113842,34.285800016616996,10.351786619371165,575.3579149455593
2803.43767968527,1163.9910146232507,3020.767544120676,40.67628756818013,14.89676875923203,777.1739999588717
5336.677727839958,1893.9879498148302,7215.955769813525,27.1422275550505,9.690713814657254,1149.2975773647065
6570.647453918232,2576.606161643281,8076.361039581328,42.174086374518666,12.637264318874106,942.7999078974573
7525.891537186802,3162.910657272027,9280.617752693037,57.66388476572399,17.73254362471254,1252.1336618414164
4311.67360569659,1763.9126825207447,4327.872911014243,45.86105057725143,14.349646276139428,295.81354745058707
6618.021250146943,2500.575682667794,7856.432617482233,54.60797243615968,17.18899093918155,1211.2642992144538
4942.237295748939,2032.949019372274,5524.272959730443,34.776656817182555,6.781681053825549,1525.9580664052428
4741.05905008877,2075.0760676946625,6103.300267553179,57.97975254581905,16.79087317220702,946.080341195816
6325.489906230008,2017.710642847634,8126.128137677411,44.448907720716505,10.365794179828098,1694.8051086257283
5978.484317620129,2681.1622432870263,6136.938005635999,50.12169682282905,17.593070941767685,1923.3975323871218
2635.411764523626,970.1010211391824,3151.476685426216,49.07125498606947,14.599677455814984,233.07309338624174
7214.810524588844,2992.2966931455953,9218.703381903737,37.28451479107716,10.7986725379639,1349.6754783900865
7070.1370312211775,3127.3665433997785,8390.82495630869,38.469156682602176,13.334341668847122,2499.623836775483
4061.655947735706,1281.7439547866659,5238.518959784029,59.67794469003426,18.748033001910027,1534.5028955371138
5593.7053001561135,2060.121869455559,6888.029094000878,53.98992157501696,13.93970744374667,282.5387971250465
5741.045279424108,2224.2809378007173,7060.084451285243,60.500490415534266,18.00833639960554,1341.783213915275
5391.010648735861,1960.4658792132373,6333.555289448884,53.24658235502518,15.303640760054785,1078.4821259170199
4174.54226923187,2103.55105165195,4401.160321010389,51.42990634809217,11.939906127215542,1248.1350092757552
3992.564948092923,1382.832955780471,4230.312863998993,32.73989381333233,8.44141567752529,426.02360587605693
4961.668893512832,1845.7808625334164,6308.678929443057,47.296333032388304,13.82181926568356,572.5295926822305
6759.093528889047,2754.7346694563635,8120.641362426297,49.72615679596256,14.687945175805083,1013.7833481310048
5815.400231891648,2025.6227112376368,6909.224155966365,69.53107198272573,17.8948587474631,877.1157732791132
4444.078501870841,1678.7112228092706,5120.949181083833,56.86956632098677,19.364201062390983,1296.4777837786753
6157.548065972517,2542.382541701551,7236.463256426644,65.36061181709529,19.40397742734571,640.9090266200635
727.1860690548865,207.65932652632682,1396.0791801099335,55.97537705894728,16.86771927100531,-165.86973616868215
6723.148550558155,2665.912705498275,7900.1562197357725,42.886967730505205,13.667373595831235,450.1235148609105
2390.4293318328505,823.8387046210476,2197.9828415486363,51.17124216149851,13.775220140642212,981.6447780727567
4456.338587895301,1403.917857862929,5719.432193244448,52.36223646264233,16.62138288505809,1526.7827672946305
3320.495158060784,1408.5963660591233,3882.1558577405817,40.60844430229318,11.448383998651588,500.5623161802636
3057.9777864186417,1661.924382479267,3685.271276468758,46.15612623407079,12.053666788926853,462.6208748771169
6741.240181067779,2701.0964801229716,8893.27737048109,47.94233006322828,15.529594005679282,1574.8589873550045
4298.448198032163,1775.6953085247528,5147.857558963342,66.05619832565118,22.80020721529897,1596.9306432955605
5519.755822596074,2381.0830178176448,6768.2988236746505,29.192594746090215,10.207437170798727,1308.2565383011736
4929.619131681224,1654.515028535815,5326.081212368306,62.05818420716043,20.46341039242899,637.1528550986875
5715.561240834682,2711.8531608662743,6748.838762826139,40.63204765040617,11.148353081997254,333.70096217371633
5115.232836590383,2096.6753337418536,6443.042426512759,36.27920812730386,7.688522979854245,465.4834359863328
3075.511663717146,1638.1688902591357,2912.927129539954,61.79942130038464,21.520101434315073,651.7120578996618
6494.40022917071,2414.501842787287,7893.702821562707,57.318980692343814,21.304723986512663,971.2162842337449
4259.365125258031,2158.2615307426686,5161.633686632041,62.5451870238119,21.84916965468293,949.3568780469856
2665.1271520103733,1259.8397343128452,3218.7963102061676,58.00701947545576,16.730533964677228,256.56342228395766
4357.827258551131,1881.390924883542,5747.972159590478,70.59845001737402,18.870266327754518,342.4922360630205
7251.139685951466,2958.9619879688735,8868.58688056602,55.587238369444854,14.544806115194323,861.7121214637576
6275.33261317024,2448.0008907494835,8269.43508498251,48.435226238768415,11.163102736402426,2036.2437773206627
4477.021798388211,2090.9416339737527,4875.631400268835,53.42926377321343,15.814021895143938,1339.898234269464
4476.113443522357,1825.5353448709545,5439.298415836001,62.434691283459635,21.941763301202798,1760.4816646184506
4517.547423173926,1315.2515433727826,5463.290301003684,42.20624674739883,12.37854876047516,1173.4849350123368
8115.1219753412615,2966.7521747097544,9203.519123531973,43.48111417468619,13.648980053102408,1408.028690760833
5572.90317834733,2182.6998332907456,7165.631315062469,46.91039985402092,16.824313884814693,1776.251096914435
5645.0624707866045,2335.524734106031,7936.411617870333,28.954172012346678,7.878060980039203,1112.478493476437
6545.4251810477635,2604.0229501941317,7846.007180015401,51.38078408417547,19.485298138691828,1419.5059213547288
5358.18373853977,2448.016192864324,6682.331030384607,31.138712960489737,13.325802703141827,1050.2245581701945
4611.436781268945,1356.799246497922,5575.983375430397,50.53059312932619,14.896955261436892,-551.1647533882181
4705.475226372532,1918.087074675303,5289.777936693451,58.652897561352496,16.440800740367322,1743.4625514219329
4892.598110878904,1502.544438004773,4960.737594153677,45.23123539356165,14.963846710849118,1224.0215951546575
4944.166645235237,2167.5947319651373,5580.113232734602,66.77115870186871,19.336297725522897,1153.7448594813025
6091.44431545547,2412.9630475716876,6613.753988070698,35.39499100581512,8.305386867609863,1187.4008319558138
5077.918828710949,2136.070024490409,6945.5536334826975,61.91260681631832,21.136259351941455,1097.2976759352553
6098.960115823369,2223.613306181906,7261.197292026423,56.751370564069205,19.45830594377492,921.1525552415499
4878.925129837126,2271.4362848492883,5681.750491280966,32.83966751689311,10.162923462595053,1284.074702121061
5117.952785474135,2307.612280204367,6586.120254962865,77.10794299040532,20.60665338966524,370.0413848952609
2002.6989732018387,946.9656650337074,1842.3632164142625,49.36254714496034,12.349711641053329,493.5740108756412
6374.4915120537225,2517.417293105629,7265.95779546219,41.22515977844368,12.58200651037141,1555.685037696297
5519.732713846989,2352.857406862579,6657.7153912406975,35.92912805215983,9.778996346637884,1004.6119758579464
6497.015164789478,2422.0829239189543,8310.802693459114,47.79981972340326,13.657760052737762,1484.836929193408
655.6169327094658,476.1356878389643,1037.582841835753,48.725931276100404,16.66170569295013,-364.543809575232
8132.5620571710915,3665.395046449417,9883.23703986325,51.02645528539664,16.774295220464108,1143.5990259862363
4790.61555776724,2183.8988631016928,5787.797536938695,47.0220384377604,16.862896892323345,1076.4816720666445
6662.274225106275,2482.509072590658,8194.846997890916,56.33225310115093,14.918429483590764,1671.7296723317809
3440.141109311704,1466.4107730429573,4228.995783738672,46.123701673367535,13.150727364636836,-249.40460588851465
5919.160857593854,2044.3789570978802,6588.006891724157,30.65035882759529,10.713071039198812,1444.8424890741544
3419.8766552395155,1511.0482398897252,4126.891597103994,48.506385043503585,15.448072195076858,412.37458085973464
4064.3465589562925,1738.3894767981517,4340.371541288675,26.325223466267218,10.96232780505541,716.4662681375522
7871.047030800179,2680.9647274370304,9485.797708410626,53.5377063089139,16.90238530448231,904.4504443775172
4713.97639885498,1595.1445985639011,5416.447707881855,40.20699769717365,15.7583175173632,516.986659677642
5326.149309769584,2059.6749997218917,7661.069983114931,51.633603549158,16.57011666819368,1548.2925247190724
6305.1015960331315,2446.8257016280463,7546.174723363901,63.14074981524604,21.066559839751132,1277.452006196733
5743.522831958907,1995.0398989288612,6190.107615219894,40.51251304732,11.506724020627084,957.3153655370021
5225.6283577153645,2187.496025424192,6203.663923919975,60.61256258512118,18.212343199304332,986.8814952275555
5547.441503699338,2281.845003714863,6916.609177258149,45.66610433313847,15.521720107620492,1354.0942130720182
8605.123377857413,3393.4820681483357,11162.830026505157,67.53194802065585,23.485540747382863,1941.2719236531516
4913.571804449622,1776.480846740258,5601.559965370187,46.34847386801787,15.363016059026867,945.200860691524
5301.648570072452,2382.8362096331216,5570.764297075122,41.59507014493309,12.312177499610687,1606.8092694628244
6575.981594011419,3044.244415876641,8299.596418529192,56.87238450395289,19.816385410242546,1800.427637255617
6658.288899436976,2542.425188813156,7299.647326374546,45.64210270376364,9.30867349856933,1538.343794452593
6780.54545834057,2559.1764540475233,7918.576829254941,41.58550485870992,9.631182454599227,1383.4149831231493
5958.095333043777,2506.04004957051,7020.904156897035,45.22160149296209,14.929748895225405,1520.279614168525
3285.492630904275,1224.6897074249637,3907.7744304350754,49.55393467816999,14.894397115957245,814.2322370814468
7450.147298451644,2945.209619214849,9284.758986679139,63.42180131244854,20.23756769598289,2020.4294955933028
3280.481910471968,1497.1060521199552,3594.7611514231676,30.65912254540423,9.326551808485153,1105.8770704635476
5453.95319785855,1704.2422572665969,6407.87921134688,50.230806589504205,16.211133366059006,581.6636888628457
3868.586224970963,1877.0100712015528,4635.168293490461,56.24903594654043,15.245905141975747,230.73565962333953
4903.792480110511,1979.6871231265397,5959.349954892007,51.93448574991796,16.721317897134767,630.1337238200641
5493.14361545522,2094.384160041543,6640.685925900226,63.098651694335345,20.918424564715774,1586.6980681245045
5482.03582317541,2170.5057907148016,6796.445875421782,49.25654670241476,17.218065218586894,308.25266624945914
5632.881131352927,2243.7597912963006,7181.37711244438,48.15448557814055,18.473454262739565,1323.9549208245821
7420.566903587971,2535.4264355739574,9100.99734213105,55.92329547013343,17.2651855280448,1665.384926264075
5680.30145227097,2645.855137771697,7043.154504479773,50.9931381495135,15.845763618548407,1717.3843197972903
4633.765047064027,1863.8374268932657,4769.406473103593,46.09591261719529,10.782428856810892,1016.9223547447493
6446.130752432536,2689.2028335848586,7760.470752501882,55.1614403958638,15.485609316482288,617.621455194557
6784.205733386961,2951.5697359982955,8380.800654065157,43.47471706783355,12.65625097233684,877.1636663533309
3158.5882772945115,1008.1446965277296,4154.776530038639,43.88822847980673,15.26710764849473,40.71989450999001
5896.100104774787,2476.808016668722,6729.1447386128475,44.72005978234387,12.194015686523901,910.2480377883871
6051.759113466347,2353.7933726618407,6932.591298715294,63.530691601664074,20.651887519996887,1118.901038981306
4553.654744960012,2033.1545917881283,5177.3353563102155,17.789836440142864,5.333707498116098,328.01018588147406
7063.560219967429,2293.617232899098,8744.479213906587,53.95598834762942,15.8324602740593,2148.04303931963
4774.91661945121,1885.1930727201668,6246.840470803556,50.34271814200222,15.600603380867177,292.34263791402145
5188.3646802073135,1924.640708136935,6022.307562602976,33.191295407618796,9.175075877779953,1710.7246479727028
4740.392263574196,2004.2226430882172,6142.451873102559,53.097267791360025,15.071105841222675,1540.6599684345092
5023.368571372202,2126.8584753909313,6089.782190228939,54.75751991831532,13.017684163914367,1453.824989118958
3355.587369657197,1165.3284741573725,3964.561955007418,55.896392313574,16.273009279416417,324.23417018306424
2839.9236761085585,957.9260043994126,3302.2162964212857,23.48171936955051,6.0845795185677005,739.2101748101625
7391.757594837458,2929.036695795651,9243.414796106028,63.663894118544384,18.067206256865155,839.6659521921828
3729.5579775225083,1267.6626341802014,4638.258481420545,42.622632953151594,13.620536011125559,1201.3651130213764
3512.9114758155392,1615.6605141892476,5353.406484802466,56.86567746753176,18.376967145840545,665.5899043949735
1769.9148295944278,615.6641317259097,1697.785474014651,57.41073780682286,17.68761035133151,149.322858625543
4041.5573784657468,889.8758965558885,5108.919705173884,41.23302914380707,14.36073912404107,196.43905236501485
3015.3653098887526,1112.4406098000495,3353.8378669607464,56.6045995235155,18.132503708715383,-635.6799973367579
7463.022740204553,2725.5731408708284,8520.98379475114,46.145067590876415,13.25340789765164,973.3341195230328
6514.725634013951,2198.0712997403443,7812.237192299254,29.28622820661843,7.8601558905567686,1859.3442246092436
3967.7744822334143,1277.7531333377228,4830.005618383615,61.67741925527779,19.12887025011703,592.138182209281
8378.653708016463,3378.813601164828,11513.471227149803,42.2495503698376,13.822399330755081,1591.066313045769
6472.648230487392,2921.219499257015,7675.104968743269,41.45506537261946,15.232208225848833,1622.306825241705
4512.752924737067,1883.3972883610718,4850.214144942138,45.969341319632775,16.173148485770025,1805.3850240055458
1250.8914276896403,348.7307240219212,1637.5750719747612,52.72236725327388,14.733764162967825,912.6806130107475
8436.413858886113,3488.541592347121,9086.376611890151,49.427295891778975,14.624176207279168,1201.1152698691287
2915.641299854606,1051.4839423870947,3452.7911685233944,55.4806692470717,17.986236383957053,-388.157025747782
2531.901879564662,839.1106595350788,3046.2948966251747,36.60510633471341,13.117527456531967,1686.187505462984
6533.855648014461,2324.951592147538,8237.926969089958,42.576136295692656,14.65077982611738,2441.266935432619
8659.628609508909,3025.894242115634,10878.365456124615,48.84002927678466,14.524253117372705,1826.1525201164231
7076.409227765777,2733.0827644664496,8239.906263865074,68.97887292658706,18.185616573119084,780.0377227622448
5845.86368007854,2377.858844511449,6939.729408779281,48.86187461586242,12.660689632267541,1650.7860029626777
5892.131512497929,2332.6966874954496,6687.497399692179,60.85222263661632,18.800933819623722,1124.4344594932809
6280.1233381704615,2408.057603281345,6972.116728400707,50.385551687843176,15.800116665201644,1199.534106080787
6138.392884680148,2218.920638697864,7521.018851306495,45.163413625624315,11.351665340818524,1674.9079984885943
5421.787135954064,2320.7764023028676,5869.351788846578,47.53275575885559,14.348965949435222,1251.544800627462
5156.301655927814,1733.2376823844793,5980.248536827446,48.315802879711185,15.757189577856922,438.3528756780902
4906.110308150716,2156.4511017211557,5389.745389831241,56.036457389607385,14.508483901867928,818.8510940891564
3869.0531166999854,1297.0669919483132,4917.705333185112,63.746112675765545,21.33382820633849,1104.3870876706706
4578.987384699839,1643.486144541677,6395.499911273051,53.59680847686321,15.32398024593931,1170.923588142477
2460.564778706922,617.5296138288496,2301.8837430466406,61.870776787417554,21.076459261378567,623.1212429206223
4852.490559807875,1815.6456872017409,4896.479430320665,40.352102623703146,11.038725895559143,1437.209589199507
3517.1133392736238,1650.6734503289442,4158.0925644533145,45.85369491185969,11.702857507789549,522.5641739460925
3344.6160241763437,1466.7534317815266,4021.3881269904914,42.75697465792333,11.91081841769356,758.2580924448048
5269.841226730217,2352.5420186990955,6433.13912545491,53.14444590874852,15.753037526469916,-633.8213047427566
7088.003429516899,2965.7370082902435,8282.443857803106,46.41041614820586,13.146165030918796,1192.7755889819728
6377.474909003469,2275.072506468796,7552.650241391447,57.297729370341955,16.75731596795636,1657.446436088516
2644.2490945652344,975.0023317442044,3356.8541187485826,40.68998288367558,12.874925164455055,333.6525853544756
3515.557795144494,1211.173335778432,4738.884800495812,50.430309733212816,14.786734180371045,469.9978631703428
6411.156781982324,2897.10643880269,6715.863753219647,56.86857911012256,16.928348945132754,761.5048805090556
3526.2689096925355,1111.3104022704365,4047.052972115311,29.346972249593897,5.385638876472977,1206.93672830308
4663.050275004463,2088.6445323490634,5702.564726975887,71.21631307330203,22.148289954011556,1206.8416917711781
5825.078148536828,2553.2697269419236,6531.105725938825,47.16848115120124,13.972137749977035,1577.722928618908
3547.483317704547,1876.3983775108409,5122.564797129106,29.74960086323827,12.145466219937223,-153.61031743803528
5158.0632592189395,1960.8036555302015,5871.970970948359,51.58093898576786,13.59515136122244,951.387630210971
2998.9617576226933,1377.665242944118,3578.1077656435905,50.33443467973151,11.483739746920424,459.73684764953566
4097.94853407318,2209.592372763983,5195.549289308961,49.18105620427507,15.990453849142606,679.3038535153597
5479.672901213806,2037.4587412520984,6279.965087055619,59.91191112926666,18.666627375406,787.9208083837834
2610.509399702496,660.4436979979084,2209.3247557407867,57.47444971427056,15.225468873218878,349.0497440504916
5660.7121069405985,1794.2823342992988,6578.527264870451,52.978761910238454,12.834130663063352,1556.9648127414457
4970.543301609978,2166.395327859324,6479.372239895493,54.501556339466475,19.42526036320852,37.68298364808095
5828.734931625721,1860.7064206356426,6826.034354558296,48.956415505619134,17.515145432899303,2054.394370340371
5335.871201096992,2041.268717204316,5979.828290586902,67.75490849240049,15.35155903030789,1309.0948027326292
7046.210644960766,2927.812554744047,8918.28887870428,35.208039816422335,9.645965886413698,1388.0761811620469
5187.836753971861,2121.428585796223,6060.016656754707,51.396516742158965,18.747339132215487,1490.9844239808353
4355.89168831212,1848.7178913708913,4971.989619149435,50.6502463118878,14.242948778010604,145.26096507820648
5183.446254548426,2128.950965769584,6294.863550289766,58.13280406064593,16.45861675014047,704.3387983341781
5814.947043554582,2645.6952707501814,7363.311557074891,41.561461225751,11.902919712466563,1102.4516925156395
5073.290105488557,1791.2369470107235,7278.804892452541,32.56327397603464,7.527188245274072,1697.4382063138
5060.887536805823,1855.1062301076968,6486.683097995699,51.56823016098193,12.06091755983849,988.9292167978858
3947.012468289867,1385.6401259982408,5316.334945142013,52.812304922186044,17.94878609812531,1014.4298292505466
4005.6486236735777,1809.8074024350838,4553.795248914365,64.89599409447649,15.782924415847596,506.34022676665177
2896.0920923004596,1383.5364840189497,2962.3764577758134,37.296379536749136,11.683456765242253,822.6394529438375
7624.3651147804085,3162.5523757417905,9180.40381254605,61.5469376671672,20.237240285665457,2363.49281944331
3134.2051469130724,1549.5554754877112,3814.631133925485,73.67414364027121,19.199790494279046,1124.6043752196715
3960.642203306139,1289.7466644783606,4213.514273285068,46.22235112477523,12.018168532242425,751.4004467722881
3922.389101646204,1985.7616685462658,4619.219657023438,37.09057780506776,13.553531718303507,1122.2232439619756
6342.386565416662,2917.7642815947297,7810.522679359559,45.93025633626629,14.844860341333966,1557.2357903869383
4557.575482561959,2006.9356923362202,5649.28727658339,50.140049673713804,13.807443488356366,1164.8089323610297
6871.613109010601,3194.0949707970053,8498.079657504857,55.63787875006915,19.095861631743087,1930.2993022323246
3989.764063634197,1181.7498235342355,4933.199241429757,44.08605270161952,15.638887257394462,1350.1916646455727
5418.491243335703,2036.2844632686183,6248.685162367816,65.55198534147343,20.203700988473443,1020.1189502296985
3746.979420110364,1314.9659028736578,4239.4249908080155,38.854676849919386,9.85608259922849,1070.3354147609575
8217.723691660081,3467.4593076033684,9261.79273099516,32.607948478272,8.955487136538009,1451.9972777521193
3218.602371455731,1024.905763681756,4754.710365339424,61.06710424287317,18.89290476077273,182.18427613335746
5464.731065340541,2375.266213470588,6564.4024607182955,27.253789687938003,7.7989472480864235,958.1993352161152
5950.665321398148,2722.9001645584376,7028.371857780351,47.95870231127284,16.265525049851554,1151.9939884098383
5620.698646177248,2422.080183491899,6280.442334686468,81.17681129208047,21.29349522740547,293.3492346464535
4722.0685116834375,1959.7651605887502,7134.311165184014,49.87956447040069,11.975342282987727,1374.5799820450477
4805.268950399861,1675.1392449347572,5229.658724368385,38.7923234930375,11.999439270876115,-422.60892122122664
5065.717207968664,1814.5741416561245,5864.436686759361,49.426025362132066,13.84471878102581,2370.5519113368937
4779.496997557267,2224.203525347073,5943.31481521175,49.49199211380466,13.593500404745916,1706.8389664096128
6445.818675192364,2773.1647210532788,8035.088893102976,51.60649940353117,11.945836382710555,1158.659372952316
8315.784502387027,3316.558921110425,10457.907430472273,56.6226298215962,17.025880636075225,1667.8700807592923
4163.76232248825,1561.0275425538275,5900.319040870532,39.608888316322606,11.77715627889525,984.2384012912917
2945.2955306313834,671.6662439747091,3787.4334644880164,66.87548055236793,21.36960212961386,294.47891213180566
4867.576927473117,1679.3176663181373,5313.076912984407,52.45114284372618,15.873155119359797,1069.8249592880916
8869.564006481478,4025.680374377522,10515.004245216882,57.26794046401804,16.915173982724415,1701.912812445465
3794.4881480454037,1197.6813664675449,4707.301963911427,43.718506002443576,15.469553074313747,711.7612709935978
7458.675208166102,3030.840038571711,9984.523270552232,62.86382136995533,16.2342118040895,1582.4655733735397
7516.5512211146615,3258.4814817446645,8320.958726125446,47.42947591186935,15.301621211255958,846.5463450459353
4169.617637438008,1354.1163879746305,5604.829417538224,52.775525134935314,12.490363210889896,853.7083895544258
5853.474618777913,2387.5674662064357,7114.126727306704,40.668939228128906,10.523958008437056,1252.418797064321
7442.594934692806,3211.5168582547863,9350.029189246108,40.030683735978734,9.583890855546993,1552.9437976165184
4431.30838851877,1775.6481858843206,5266.572707904557,56.882053064528826,18.628500990262484,778.3462999856768
4694.629459846457,2594.952547855275,5212.339036752585,45.56393169792614,13.538359042187054,1507.8547799539774
4127.478629077034,1233.841636911265,5328.410744593107,41.46176912495623,12.411524248300914,648.6694483746313
3477.8649039607,1655.8280940552497,4500.653398305651,43.5681665797297,10.856983998460008,809.2359342037352
4026.0836824009893,1567.2330386112799,5317.328901751049,56.98953071717421,16.497472223286486,1453.8655034429707
3164.089599856615,1458.6158786518151,3790.2552021386205,43.70962138796389,11.585955809770944,593.129849961167
5051.125202388839,2130.776868880347,5761.439231206682,48.82345068397836,15.41394523490194,1117.4566742115435
3845.0401534120374,1354.7270120873159,3834.654686582524,50.15027750287097,13.062900980198064,720.8157125249589
5350.6788676861215,2197.5206451892836,6830.501275293049,30.82651113989701,11.907542072379254,1688.820670319024
2666.156530694559,601.9872494282517,3411.3325780554637,35.28873594626482,7.235459884631258,404.36902534576416
5496.320348321686,2349.340014471523,6112.693101554043,53.362778892475625,14.395794002829563,1740.9413583084402
6250.293442413387,2574.6569934629865,7231.065294247753,42.629706388473025,16.1433129364741,1198.2647411591452
2009.3965361428168,963.4236566179023,2177.89643739566,60.567249112804184,17.299897237917186,-27.85055449544501
5561.084854771359,2488.9635231803313,5931.8096097344205,59.668071042505446,15.270663983942809,1451.9035562413324
6841.503488709938,2828.506355536403,7800.962988149358,57.19168666355437,17.595649124141648,1215.9667808641598
3185.538471963192,1311.237743734846,3255.7309879526533,68.19771787312598,19.508530877508708,947.3581439422198
7508.858580256555,2783.2763479372993,8804.390790363897,49.169106722568166,13.078991505533837,137.0695235894441
5628.528514049068,2073.3562147073644,6384.8854676941,56.488819259038394,14.754904156114081,1128.3083337572868
3942.4822163623867,1873.6765415892874,3917.4761992014896,44.15599023403969,18.783544281463794,558.6937938937372
4916.346383513441,2325.622404831871,6910.91077550087,74.52369912868724,21.8540059382379,451.6399334370492
5837.490368782584,2275.46853843502,7631.258808053715,69.83633652436019,17.099766236642303,890.877572836617
5114.008087118617,2057.1039216607655,5747.299993782348,50.11880434517792,18.023060821564446,735.9500452773977
5808.133988669554,2097.1000017193805,7105.971484730269,53.86586229905192,17.381900499936716,1137.6339003086205
3618.9896103809506,1740.7850554692416,4551.520077367788,63.592975993648054,17.544959936054838,40.13469143371219
5254.041236054117,2267.9707003445915,6900.392410651679,48.52860495185893,12.692343308185395,1208.94513734068
2879.4282546425297,1637.0756609729492,3046.0113922409964,43.433759292002954,14.377073379917348,1258.9930435314
4833.16090797695,1713.6835938958452,6345.8464815635525,58.73989751006883,17.128132598041738,1107.096430069303
3644.1385378028153,1363.1534403665719,4099.0135932599105,50.7843924608367,11.383362101360806,1133.3220121750676
3896.7050861153502,1616.5435150775334,4008.114901254113,51.829944496452605,19.123463278145117,1326.622244529968
6854.139762815656,2903.278289557705,8587.035995036036,41.65728656932035,11.629205046364191,1989.0727086552197
6636.965180891404,2600.8691629696536,8609.737429130899,32.82327851636604,12.838127027874663,2262.4623825889335
5913.707181360765,2147.242599930881,8390.403104398261,52.36142409879101,18.265297145568734,933.140437134188
3361.5308529911317,1564.9642234273456,3433.974391044251,59.049620414942,15.712867035516972,313.0641780176681
4525.3873254577975,1990.4387708195145,5779.924633089751,47.74193250923958,16.38895948149817,1296.8102892539268
6819.646549968775,2498.7900948465785,7978.675238065764,64.36429519558867,18.006403458949237,1718.0624198224548
5212.575370459857,2423.8908484603166,6646.769799813845,42.96083674584455,9.154849850145482,1430.352723899816
8478.994309972542,3684.147401288168,9439.548396351425,39.4529554503408,10.986690303057955,2640.4400891196346
5589.976759091558,2269.5648279485717,6076.587223060587,49.32769692803869,15.593584081964163,1123.6803062175588
5288.0736747350475,2135.128935488028,5957.750998098815,49.174074246487095,13.826748977953452,1270.6930147701019
4536.325303696248,1953.044564257476,5483.07238726954,57.69968731335223,16.695809512155463,417.0709349975122
5200.311357173424,1864.6987753053052,5919.832995338931,42.25037175936015,14.96224361766527,2107.722833422664
4771.295245429184,1916.0259679626945,6055.081466471731,63.680942368148976,19.317270671024875,785.9865884812815
6062.163015032886,1886.7693198608595,7788.04292716842,69.66916962508253,19.214154264954853,1058.3246389261622
6435.053475191876,2793.1353014524843,8021.852940852928,49.60855973031658,16.286628566429627,1113.6357495342538
3821.0158092380757,1138.0330180847654,5394.612790916125,62.497104201843186,19.144482394461445,441.75523252544633
3003.150569663333,1577.115184972583,3811.693998323671,39.4350292937474,6.7872991852001325,235.91158950884198
2245.691940345055,815.7467526464095,2086.3819732439824,60.75221541181916,19.082370451088643,187.28624662424846
5761.986990368816,2251.878050664732,7596.072645211749,60.472764085594626,18.925486641110588,469.49943404829094
3344.9500907391894,1181.0465597745492,3711.3619910840284,58.634372801898785,17.630554099731352,276.3310580162187
1770.6641105712756,636.2559257479911,2580.0061825283155,49.84436911129706,16.73671189552827,1328.6143778380647
5582.867906796446,2587.7799990055873,7486.308596433288,20.457510587579687,4.792466007620901,1484.4011531799736
8739.499276149185,2873.8475463259047,10715.74313674422,43.58272856347871,13.747818146685415,2210.851943593696
4990.89363269016,2315.5987995981113,5240.992952645867,43.740839823153976,9.988333204611488,1586.7831202464895
6257.736161677463,2587.6003349464127,7050.17731075806,40.21745061939522,12.879415952616231,2168.6145145166884
5122.744037821348,1747.3422031642351,6808.665078828185,51.22243004547066,19.27284840472099,138.83753184234752
4851.665520213286,1671.8381098230052,5737.437281434535,45.81036554478765,11.753396958501213,355.39154639938704
6378.614724481653,2970.5441465947124,7694.124436849066,41.75387990234978,11.006559706729384,873.8611144489881
4564.588183717023,1589.4585535011265,5856.918028542232,39.4119985175218,10.403568669473437,678.0527384986058
5401.088471107854,1872.0977607941518,6829.467596369587,42.84487014514771,13.113457495147504,929.9329989289463
5482.546709294021,2477.3473193087907,6718.455957345555,61.21499211849928,16.238425089842348,873.0205654557838
3997.864319535427,1683.7839468856494,4693.102997832279,43.38974945372506,13.859419593499478,909.2273204731125
6488.063524304785,2360.744015587814,7629.342006299563,44.85061293566727,15.148863771638512,1315.260400233565
4737.5603649568875,1949.1803898339099,6114.021850593936,45.43302384976754,14.698601581837828,586.0946754022527
3866.3822607607326,1290.1147333942238,4916.443478446776,53.389935138094195,12.480149690152112,-314.49793634163836
5804.764765355605,2597.1112557478937,6837.067718117831,54.562494885285325,18.35908379590281,664.518600381772
3652.2980273134444,1726.2619521436613,4923.813789272704,19.55343460756838,7.740765210777874,455.84027880640133
5042.271736053693,2149.910244126963,5986.209025699539,60.21635213827608,19.72522838617543,884.9146288068788
4986.321505033695,2084.943867325232,5557.754718873237,64.36368034243753,20.054788600042908,432.4305713514706
6628.843348747367,3091.8343707157906,7575.126669045167,39.498134626383305,12.289819016325255,1080.3654365012635
5712.047349319929,2284.7405215750277,6365.086401029032,40.27701755265166,14.147884062048291,576.9157756211927
4962.459561882284,1689.5152933977133,5818.746465956897,45.49746612221728,17.496266811872093,929.5822366022903
6226.649448800431,2603.028257728249,8088.841477728613,42.43995980543395,10.825907014900485,708.7842255787785
7085.31132352597,3355.6362917946667,8099.825997715909,52.23926873946606,17.82803141342936,992.6099365199618
5836.715459527793,2080.9963105146544,7098.296431942403,30.534747136411358,8.987989944908502,513.0010264109893
5015.528929765071,1915.845880232532,5690.2900429043775,38.8207239196326,11.386871071832578,926.3554381681223
3032.245651474761,1317.0097701152674,3508.5402611339946,65.39197200174908,16.544530219760645,173.22524531875297
3402.329505386941,1347.4555899033417,3327.774800471703,40.71780032651982,11.645761278925157,1133.8580344151028
4542.162943467999,1571.2892822928711,5340.32641758333,62.43428278102925,16.735754918371946,1111.3577220400493
4085.731696761075,1914.7571427620478,4806.0253462108085,53.55338195590137,15.13830572775852,782.2204052603935
4719.543045521831,2467.8273987130474,5933.595626644045,31.907322854117417,7.375824088678925,545.1658604324721
5084.974887345661,2083.022819694241,6213.610321442478,56.35329195216206,16.008170811022605,1207.2551301272836
5794.539131535096,2091.7985801800387,6354.250895366093,48.823326978071464,13.834777379374632,1504.2582709813378
4894.251832911363,1570.4606019011765,6415.201321515407,45.44532943750259,13.827108668128378,1050.1945726830877
5729.752465739303,2356.3949816010168,6980.8544789981615,52.44957093172004,12.505371554933348,1947.801420881326
5096.711622215181,2314.6539847151366,6215.25070524696,54.746334855667925,13.53286416120973,1249.1609834804442
2036.8001504691929,933.5119968115225,2439.5690038704615,57.0759182197462,17.84660400738491,864.1636388778556
3590.9969092718684,1435.797803479034,4050.317567515132,61.78252847548002,16.939882308503808,784.9820896223629
4783.868666417577,1766.2295536197043,5849.543569575455,54.081359127783564,18.37346731879493,1294.6059599120038
3185.4578857383385,1001.1422461158131,4060.3436808502975,36.243659112136385,11.323637177671008,238.7009608130801
5899.893094994307,2568.6450695789435,6206.42386832039,45.26354542348809,14.792587927459241,950.7794373924646
7296.126248515546,3146.893404752615,8485.971079545607,79.43048335268621,26.65052964664765,1633.9070264442992
6828.142777545975,2344.824664345707,8066.297847853376,57.244910603817274,16.554051557532034,1536.678296287886
4679.835693604688,2269.394021987046,5743.888135172764,73.69287300811497,20.95888849160194,1189.7730501925612
7236.089205274928,3037.9534873334715,9279.962549293477,63.95434082199185,20.92970741779518,1997.4142871943502
5223.001185803168,2439.099135607715,5881.73101566541,52.41802071555749,16.744433342526616,332.1146512529274
4494.371043322941,1462.2164802078976,5144.264328578608,53.01407069781118,15.52956058970075,411.64793485944017
4079.8960046885904,1290.5023630215765,4639.608150303034,49.63419960123154,17.673175814281347,930.7655214748447
4546.295470267807,1781.2758606652988,5054.790769269097,32.621953841535,9.36209753278064,547.0772781518311
4417.734772188157,1892.7900155990615,5127.688479069657,50.180472524682244,15.119689032516234,2572.4310750823124
5255.624333563232,2551.3399391570333,6692.150310269863,62.10674552542197,18.67446895929511,1308.9846762977143
5240.860971574797,2272.864117083702,5762.115418207584,44.00360005178796,11.331892225739447,1009.0067698498808
5004.569030230122,1941.1572928890405,6219.390033852598,54.1195299906181,16.39102977615821,743.179169504095
5655.407254619525,2005.5705999313373,5935.537590534262,58.51591045893197,20.34829349247657,891.0003093273829
6785.969412179512,3021.8879080515926,7862.494296394311,40.903195606875244,13.160895312814924,1372.2642130934912
6424.331203161985,2328.5561248271156,7544.452793685388,45.48697135656335,13.708218259766868,1340.857206943026
2772.6530473251446,1516.1783576231383,4164.613493247206,39.820885095228405,11.622730966237183,326.1810371182725
1169.1182976470677,396.5511566571998,1265.5408048001373,41.77834393310593,13.195237236744482,97.24753626946267
6401.47986685891,2958.2374648980267,6581.154103505232,37.12394716346939,12.636717406019187,1952.4382609890804
2949.681952376868,1349.605603465567,2540.173889421617,40.995515386219736,13.517132277645427,1282.1888718008909
4662.851897160975,1830.8918865037754,5612.43706976651,64.19455680797839,18.59463731874956,1058.5873693996334
3244.830460910961,1168.0830914078529,4200.681980988107,40.845229709097076,12.903132100949351,-21.663771436176603
2297.0293436299703,833.5847681154683,2944.1631411695907,51.2645921906069,16.339257139478626,728.6574470455158
5812.194092307182,2431.956810016682,7058.417963669113,44.971312463290445,11.477003763933176,1939.5800392669494
6138.73274045397,2474.782220236017,7947.609087297597,61.78865937036939,18.873058893478206,1912.6370990719834
4135.234398909921,1505.640907546792,4692.485668323339,63.111622966036165,14.610879117206125,1194.2598061868177
1113.4365617826352,403.96677213364603,1783.5791521525748,58.64069982138947,18.55727736605921,933.8987899994379
4180.633327621275,1691.8975884782978,4200.752550632322,53.061345531027555,17.23908976843363,862.818801763766
5587.70600810382,1702.8988796378248,6252.773293255551,47.68940463159102,15.801913641050223,1431.5926865376164
2781.632646838807,1227.1950874326974,2434.4384787406602,38.081252958087504,10.634282183087116,215.9387462051713
5275.039879668733,1865.0856456882916,6192.625205267584,69.43528881122197,21.44868031341466,1201.1407040116028
4977.035226240507,1702.4809896947665,5949.311662855436,42.40326982247446,15.568888637824672,1660.1741672333637
5868.9372494016325,1925.7388129829753,7099.775445395219,56.636463470328415,19.818478337681043,879.075744136881
5179.37055262123,1623.2750965815192,6246.186339589043,60.59565572623397,18.120351319417072,605.1523957921027
3540.396588677667,1077.2967596929946,3784.6992410073362,44.4471950309467,13.61279777074313,756.8237872473819
6794.857252496737,2540.6876615910724,8058.708280789476,60.38012527315962,20.33585987141675,1245.6403486373476
4762.205640459545,2393.19704056546,4965.92343424858,57.642132033388556,14.291035579492215,1277.0149886271192
4959.043190735102,1852.14735732024,6632.466316448247,67.27963835381766,19.537740020791247,765.1788751734994
3600.0980613902057,1484.4767511230903,4168.304637219246,45.30653533573289,16.26310151179338,1579.2394200793983
4335.076623212734,1834.150995911676,4957.648888333436,37.14135982720285,13.092809031530386,222.17727566201904
3672.7959289596483,1501.8846681378216,5201.82527897362,44.94510244555489,14.222058288966275,1361.426578901797
4740.580910114865,1876.8714988644479,5067.5738253632235,52.088535425343316,12.614895816941754,565.6915678689215
7567.562720213515,2728.201647185595,8518.281707240232,50.58212727085056,15.074817715172845,615.5211767506913
2942.1482856029656,1539.5912013109892,2982.4677802892766,46.065621037254495,12.639855518676482,707.3672352950268
2579.6579031848883,1483.6623221834266,3061.653792972125,30.90802541022757,9.934485428702697,388.62758763003586
7206.755491240413,2462.037522965494,8863.922404307295,54.70482996129107,14.79275561879756,886.5464142965674
4686.014484272201,1618.3986459872856,5993.055115185558,69.723444790822,18.865586647297384,96.51445099680825
3996.3908920101253,1528.6037712097987,6081.666729159635,54.642512381230034,12.263023159001728,795.0977847662967
6559.857031094115,2382.8083637100985,6747.1122102125555,56.09135519053514,19.271015927113943,1799.889852030732
4091.5766903947037,1763.122064521848,5214.259823035853,55.72445306155102,15.91779489557919,1110.792084622163
7739.014570320404,2913.5377775265088,9008.25219809837,53.970466698824,16.505431577052267,1576.1562384837139
6016.888807008903,2948.019539755212,6927.058993966298,59.31665966868095,17.79052166765592,1442.8015480106483
4268.132887781446,2004.8903036984775,4811.873401210796,53.95373681185666,14.051253177636,840.0195113673608
8235.962319898255,3347.528435617356,9428.769948473919,46.87322830346724,11.543838668143785,932.3303424644656
4091.4276154949926,1893.31761202793,5751.975555895717,42.04011089991246,10.601403017979267,107.8385304872769
6113.14305801396,2721.7323292949113,7756.920333123704,47.510263447193246,12.806742156499189,1121.0443471104527
5448.938870609738,2038.5886762293346,6550.324634010372,53.141294964506656,16.675600983379606,1009.4611309389104
6952.611934098197,2576.9904625037875,9018.642197161336,46.83917038877026,12.460315789589856,1816.013726073022
7342.26679509028,2956.442483778524,8054.455671458898,53.1433868313143,19.43599731258353,1847.1054709054297
5048.00622359865,2234.6115205639458,5392.254902652917,54.39150133700417,18.371752472887554,1312.1677525992047
3869.873194480725,1582.7143774556446,3554.863967279526,58.33179431270182,19.11625739314196,633.8332823575547
5689.958214408674,1881.7341652157204,6478.242587228766,62.82794968838981,18.60906710157064,447.6655578266651
3983.4269453718407,1392.6646671610258,4860.961597798585,50.780074184788575,18.262583726877537,1002.7209576073802
8020.080871289934,3189.5391326173794,9675.526334514087,36.92223434852339,10.640659042314768,1866.6008308890712
5204.8029966241065,2063.004797568185,6320.434551478868,46.548959031808096,13.902164881233936,-153.30513191402179
4452.017673031837,2273.942613410187,4636.892792105164,50.44062567406599,15.472136781718335,473.23444131503607
5277.020458797362,1764.3111979191956,6734.001921863845,31.642312438229098,10.896339812555416,709.8769030625245
2979.3105657054552,1318.1215367411507,3694.9864379660453,63.88664520102482,20.439809718313416,655.0372137028093
3542.5789422340226,1789.3098539756816,4617.621871413826,51.423779125104666,14.476883180642192,306.8355720639576
6800.620861916638,3288.1107811223546,7214.36394550494,53.81352834580285,15.078071064888947,1341.0568879710077
4014.658581542906,1504.7640768211722,4973.335727250382,63.65526462526266,20.376385301882966,697.6642461320853
3429.6335259770904,1494.7107735708862,3521.6776112137445,43.69857169857653,14.540044677355425,606.3519694265541
5804.979128790929,2464.4317408160337,6767.313328273434,55.7404193088403,15.935423543006344,802.7986789078128
6778.556231994496,2760.292925686121,8401.449927711586,48.90135876898064,11.496031491337284,1036.2187193655604
6078.4299659976,2406.660686089214,7339.662762325077,48.159131329840804,14.033107206935751,675.5524633091738
6494.071528708724,2706.6224588585014,7367.115844560809,42.278076121956204,13.930474434238578,1488.8480260286608
3864.8073671458087,912.8614255534021,4640.905418667179,66.65603213686528,23.60764333389914,1058.512787724846
2867.2839998872346,1317.4309724705518,2674.97314224286,46.24499959924429,11.477583955091962,188.14782491477752
7252.00047793323,2932.344667088784,9277.534271469023,56.99464246895702,16.245250235025956,2210.7201435951683
4515.980241736796,1750.7733725001524,5316.53428033603,31.249926125280638,8.59617071453344,745.895324626335
4623.750475317429,2361.215739056861,6107.775542508578,61.79988529689787,21.251576267932364,1689.8429069617662
6992.291212773587,2628.182980411797,8127.483611780283,60.52211155957059,18.086750466953912,1077.394655638916
5834.34501410099,2232.969008374138,6739.426022717897,50.97434110297303,13.477649212147377,153.58011452048015
5683.831658122412,2771.4209888001483,6438.504596427971,47.73057533862075,15.436563167429865,1337.865244080658
8247.503517351626,3090.9860807281866,10335.09118666849,54.00000005613566,15.390722976758804,1773.7732560298189
4034.7226544297855,1476.3602410377796,4486.951606651504,72.8879066088029,19.417597435924957,824.1414285397487
6391.760192121856,2519.9477209910297,7992.409946753815,32.36763301096515,7.924743288737242,957.2357992023765
5085.519687345627,2244.3914954706383,5911.397425980107,57.82027387574128,20.81416607156762,999.8178247262159
5402.888418294885,2213.1059941562826,5495.484452008051,40.883826978460974,13.033566536837217,824.9479547242134
7292.702639618798,2593.9247190594533,8466.086133649324,49.80081603700269,15.155764922005892,1307.3657447578842
5761.753634434435,2171.6593129919765,6324.550254139898,47.52119880921337,13.756572171139917,1573.1668547694246
5807.444118574449,2171.139039126727,6985.884304130507,45.716817422022444,14.29934291084433,1253.5974384799365
6608.761005964703,2624.19914108012,7335.309339320398,49.89534870947271,15.5290765048468,1626.7278948589294
4452.570905685672,1887.4892769317264,5806.072637180115,38.6582885472221,12.181824220581282,774.5799278242396
3741.1854989914905,1601.0256385685893,4443.884668613275,60.291804361279674,18.317231488939406,577.2284268959106
3432.7862089684495,929.1115450752793,4030.54545338277,32.058564888014,11.355166143015296,109.81597634936816
2050.4651159359973,1086.171293264613,2788.504208016988,55.39764512828342,16.665502230486485,225.074716903101
8084.310694910483,3296.8664894633494,10183.12630093051,46.73464147465429,12.064514771291009,-43.695138812472806
3345.187451417475,1684.2079924654668,4004.175565816144,38.29075106192546,10.262379536775901,373.9265071306777
4668.119564621342,1978.2974076712048,5216.143327770965,52.02383370598695,11.64911272481666,892.686824328849
4584.780050166619,2109.242759500588,4614.7512521438775,34.43048913293522,14.38278097196535,1198.7928371684018
5461.110046713651,2301.080346547992,6210.307177538792,50.39713821719635,16.844650649064278,957.8830705802518
6223.605818808945,2825.998766574265,7159.720859246752,35.77123092188445,9.07122828630686,1418.5579348842887
6290.710232539618,2646.846752020292,7602.38100554369,54.61272084317831,15.820126554159291,168.24771581280083
4125.3838421465925,1625.674725247911,4777.887170006898,40.756426663696246,10.953175050696007,796.6583423258437
4749.317429320383,2467.8356518398737,6043.1474012101735,45.49005982970691,16.732112371660307,110.11208940737492
5423.86992573245,2391.807250862953,6202.152275243594,52.93949387943162,13.042093835287629,480.6222273168237
4626.963310724679,1994.2214295409751,5523.835389443144,42.27457888157764,12.911325782110849,831.8098882130055
7411.018364029989,2645.331241477412,9485.215758434431,49.42036000331697,14.609052315865396,2120.335666742775
5736.462427457377,1972.5080666170663,7054.667519926335,34.86169498755146,12.112185757683667,1332.8958672265048
6102.316679074726,2514.105542165354,7292.761244045389,56.30875603596156,16.684608355339076,1229.578834383504
5994.321903001119,2434.1090606425078,6892.214062633754,67.6491380555077,16.77832366334144,1189.0991858666725
6760.210786227987,2550.553673239116,7795.637245116096,77.92208867909962,22.874390934445003,995.2277106433639
5271.53233805556,2143.858610125239,5900.532179190698,50.91168146666439,13.329180004112667,782.3147609247703
3054.75207806623,1619.0575632373912,3395.1990607880257,57.88204140797187,17.52377151550468,824.6384383486446
5599.531927628963,2413.66338968916,7097.271232526913,32.19374327092511,12.526477054318185,427.22612630354536
4022.9646593122566,1323.9337362867182,4716.613455528573,65.02734326305588,16.029352490452208,1101.1199570039619
4207.074977375365,1654.95278416441,4373.603438159822,57.762285047241065,15.72824004337251,647.1614619156467
5879.54602813264,2150.5767910399154,7939.5398802890595,45.16066555048767,12.442813757579307,1588.6877430613106
6857.424607150453,2646.044863758041,8388.892124153124,62.37180800289009,17.948280210040604,1852.0316500461324
5031.907365104093,1909.3590296342265,5334.817137868326,47.455239233546585,15.716823098274464,169.83946676794858
5463.249518898446,2065.888411908377,6334.974959057723,45.41974816985444,13.278835615833556,801.8595221660801
7553.322416952857,2707.545123787794,9119.430091757637,54.753349254274916,17.257610227723365,1082.9006394202595
5361.129769232853,2112.5382373135935,7285.6517697281115,39.366455001696814,10.558390413045492,165.86197130999903
8902.524671270592,3420.8579592964097,10128.973376395275,60.21624764399948,18.52472298403572,1264.2382961494131
5848.264468447316,1606.9436148783598,7505.937721814752,39.44010188073157,13.3876258259749,2390.2808163221334
2358.855861266273,1456.7853506319252,3530.370247005699,39.49945210176814,10.385236531056266,776.5261203594748
6130.012431656799,2724.197386216888,7041.6877654508735,40.90310211591665,13.833646874388025,2184.6464706342367
5571.7375773241665,2134.6198496984175,6547.328283358883,57.59500037516122,17.383245650003502,1528.8967354740012
6934.629131124118,2778.556414884797,7803.400333662057,43.83224638480292,15.240594396405381,1016.0042457205861
6009.772026904938,2110.9952239325844,7109.995861745773,36.520042156328316,10.553172846744548,1011.068807043966
4792.31602402434,2340.8571290624523,5732.484241657742,43.94320000064202,13.945449310516803,1252.6812949250216
3163.5526455659515,1739.7432319196585,4126.088173720327,49.67957629319513,14.822660424601478,851.4636308497085
4686.465114070962,1913.759477690016,6168.849872395378,38.19027516335615,11.264658024925685,648.6220149600256
3724.2193186860495,1745.570388520756,4095.015150112436,38.48318890965656,12.062817529348347,-10.152721552393473
4129.214825292916,1695.5076248506475,3971.3952582385023,71.11296334099585,22.407503940748562,2469.723558752953
5882.867606630914,2018.9656829333835,7048.818738318976,41.394345961861134,9.91917396471033,1105.99868515478
7504.85675652711,2898.9868603699297,9152.596872816852,46.76957631226993,16.898140111316735,1338.1019047141122
5592.0072947344715,2269.7849095867778,6835.117597523887,46.32762999200714,10.178962916502545,1175.0686908995453
3206.1754069472236,1168.8332330930284,3684.073864582146,45.786431922295584,12.366305357210882,519.8707867339305
5666.904002330211,2212.0982815733255,6862.660852628221,56.21346739969103,16.675502078377505,1194.7452543187842
6794.947229968477,2695.1290026101124,8911.659080138295,59.481429504720495,18.66914078958804,2002.4630890519052
4085.325643520927,1613.9106329420056,5093.257856706367,46.94045568468408,17.23448176088798,754.7908888609735
4798.974249990623,1932.6543226206202,5572.084887487206,37.63521713407651,7.573982163772739,378.43963033424404
5022.032292093796,1743.6616502383683,5776.339841964557,62.744402278489034,17.807932426767287,923.5845611794538
3822.6525303766402,1349.8069748686721,4502.256857613103,49.04658908803317,10.46030975081142,532.3296153703727
5972.420650765788,2067.822193881323,7985.2747618342655,67.30321814857169,20.254209392392003,1906.4335987765833
4818.577777088328,2171.8849982568813,5690.642977742895,27.54414102434837,8.806609476304573,1549.275087786451
5629.298665860541,1725.3077308841353,6745.261226772296,51.954032212833205,18.767801148192465,1179.6222333875075
3668.76173329685,1755.9022791479715,4161.357294488068,69.18606333876208,20.99708852341553,94.38441924974177
4343.812549514884,2084.112369121665,5762.066738138843,46.46735864561842,16.028257852570285,255.81637818300408
6083.572036741657,2357.8836679510073,8280.205071462326,47.74506576665364,15.49119389307421,1224.2760381406083
4440.750271862349,1125.515836788115,5554.2068509505125,52.95511691590339,15.01603868076068,1056.3115390331102
7590.445776850108,2945.850670248221,9149.921384112842,44.41204181115043,10.505691049761051,1330.7777457069942
4400.545721578096,1744.1722483090336,5299.046282480833,46.87928067947267,14.613788800425421,640.0243522120022
5337.027088627829,1882.161280468903,5212.279111960522,46.62184905808597,11.002350683135063,771.0058011362423
6398.886247809634,2430.749900671793,8051.238929513969,43.72579265573627,15.70815194206017,1268.0802694399538
2872.4514006004524,1531.5293599560187,3514.024888718465,62.288565502005596,18.36244544652803,-616.890895916442
2358.786782028836,1109.7465033869698,3044.715163764966,54.61078032296435,18.773588919912136,-78.9059579790877
2711.515528144858,853.4651826634182,2898.087536731977,52.50628232103302,14.791455828045105,228.77768290529633
6893.876155140773,2358.1506696574515,8080.422946680382,58.085710068901165,17.96341459347233,1982.5268285041152
4172.21278116133,1587.1307830620892,4801.14286914201,47.35644166796533,14.625630215058976,427.5357352678014
8837.298928502378,3481.5553765633417,11115.570206239372,42.257961816470996,12.58730030891945,1857.6938566160788
4153.628602013917,1785.5012376463958,4794.974404115153,43.973756953854426,12.326808059363143,943.9970958682815
5276.826954795555,1976.9016037763072,7373.522506809565,50.01783041104609,15.790261160254868,1704.323643789492
7313.164928851813,3053.1408653811905,8991.229124129693,39.40788291627098,9.970038347914876,2093.921689252438
8009.139332238685,3687.4442429105316,8973.125868688556,44.997389834133244,11.080346292321856,1573.0763820502789
8092.255364954597,3440.777401592905,9646.433291319538,44.838833581285655,15.937303861039352,1380.708702396198
6812.549345889714,2712.9976115231925,7849.221653989448,71.24556229829014,22.82800466727124,1030.5933177650977
6536.093788717193,2568.6498977235537,6746.121311550619,22.261850600660832,6.810338397402729,1186.6871465105482
5888.7904238017745,2266.347885975742,7866.283978619024,48.203802785943665,17.79142560087066,960.7414075985549
6167.541614249956,2762.176873813019,7752.621208209949,67.2569379281477,19.64155034099462,1510.3220275291073
4173.2214255071995,1512.460208715054,5274.4693695582955,51.21844464132454,18.010939832375318,1044.799193844042
3772.701674866539,1520.3863471966113,4609.943839989699,57.53417473421093,17.611400590114922,1050.4409305458157
4994.938313883572,2010.7748010237,5302.9171923140675,50.99826315099768,13.249977445146522,1628.6295184947985
4744.723066212608,1772.44317828216,5451.85910967741,43.326666187835194,16.69408023989226,1880.3791739426101
4320.1579260090875,1384.94678343261,5605.079898602911,27.58084065491087,10.25567388972143,926.363281905596
6044.581171185073,2498.576094378446,6727.8873905308365,52.05455687036303,15.37432499908978,1758.6481199348411
6432.957812855766,2557.9321321784605,6453.664717301513,42.24393395397609,14.127522705260725,1110.7614706540455
5132.610329437771,2178.104249134251,6045.579391434862,41.99664593834696,11.791586913508272,1619.0255576790619
7216.2951215828925,2753.117972023366,8588.6753688857,45.01012744020888,15.161336302181748,1974.0136029045007
3287.4663287997428,1620.1918562231592,4012.741302767046,67.44861406623494,15.452427089302562,1161.7012507314444
4709.510811080423,1664.6108791292081,6015.672295053776,74.04837542253972,20.17490995937273,988.9370828118466
3924.7665190957923,1997.91667864279,5028.522729030555,52.17207937528401,17.610143301159127,450.7742218237141
2200.19507439041,443.16890229909865,2769.618991890453,45.35232776088272,13.106387251826979,-257.2252040546562
4875.978971235952,2059.0841046336036,6448.940459526496,38.2277358254879,11.883405337423852,955.1771904866407
4817.378737425075,2045.809165601686,5021.369594503432,54.68540161546069,13.712049160407336,1729.9820186096065
7270.174614863196,2709.180578960058,8976.500445074531,67.82905600065143,24.044450791599637,1299.112472290603
5946.217526832166,2484.5854951981196,7448.73021386707,47.526596129748434,16.639038126359882,1581.8067980964606
3463.7197635061925,1705.367572842517,3536.6825731673107,26.21003959246776,7.461641440989667,1114.719652960704
7781.1388495012825,2558.250829961997,8585.931315060345,56.700496718155236,16.200757301719918,1414.3846594366703
6831.550543288029,2858.3064191879157,7824.889588707834,59.853997114500494,20.015407857189533,2024.4825274173656
5873.146555202924,1725.9409169986502,6717.005144985863,34.141543596141524,14.207403979180313,-279.70106119966704
4660.273851725252,1622.6933398092988,5969.038353821517,51.76484183662953,17.436973062611564,320.67963097596294
3560.8411449147807,1831.6280491911486,3965.739982052189,54.512260161360985,20.697283383201498,254.35208080372627
4441.68983589342,1631.2304260093547,4901.853543931503,49.26892697991062,12.935975435849349,478.48045574498923
6633.122929556279,2359.779180720269,7653.930647120254,42.09229080914646,10.988913581746358,1494.7560615042037
7826.8794589019135,3081.267351314595,9951.571517759401,60.15937223563556,15.66992943458397,1710.3947933073337
7314.8652924082835,3442.9227015042015,8784.360038078417,45.966202540313176,14.673382061392912,1659.9683445691608
4266.725867320589,1248.769785126729,5030.44552810625,35.14813837300068,10.895648611508943,1151.3859205303613
3320.573850066483,1065.402062116757,3929.6858707292536,29.50525514330319,8.547674296046985,189.06248544047196
5211.329370366806,2458.8896689416288,6899.625411603429,62.6084951999931,20.40106581624453,433.1778406697017
2347.3409516557226,1403.3619665467222,2442.223278685246,56.166639764711185,19.314649139842686,667.628031335076
5484.751571277172,2168.042822438298,7239.456031002658,50.87973547129169,12.212595822813821,781.834277432215
4778.596120551997,1601.6752725891383,5839.563494123148,45.59725363149197,12.485232033645358,170.48170142641413
4300.9452471976365,2244.3389743313446,5080.92460564949,44.71001585796873,15.053291945636738,1345.861191710268
2607.9453990998068,1441.788757577222,4379.984727886909,39.24263351558389,10.837312686958002,1219.1400330711103
5770.400159854575,2477.896810882388,6396.660446926192,45.685443554401154,12.109220913604037,1932.6604768202446
4200.948740507133,1477.2789089684982,4864.295608825057,28.799127848798257,10.676813209940265,933.6936088387868
3245.124746434568,1285.792563364318,3277.934076139481,42.63936346531486,10.212808900146497,961.9909972733649
691.6066800775261,236.5526517698028,1306.159001361116,46.89062483648906,13.464027835364506,823.2554476964607
4958.727642424045,2066.2038831235127,6795.0676377346945,56.09880047190419,17.486928193180873,671.037633473092
7658.377395004616,3426.1013175346807,10025.01426470786,49.60073536626636,13.73258078205967,2087.0143210279693
7491.888821821805,3216.609789013073,9602.240962759168,57.94923113875559,18.951080653653026,1636.0758814359656
4314.355615120592,1456.3982268020472,5078.4165042467275,63.491351051134295,17.90965136494555,1319.726949195414
4096.681909457329,1982.7968762878163,4733.397802603872,60.58170093824101,20.991749268364142,912.3828923294335
5703.161384112535,2359.5475886483027,6008.20877468801,54.70509847378557,16.160036947144125,1788.760631696508
3502.421841217563,1572.7351854517542,5220.8429770519715,50.11862679180784,16.37812831095306,812.246249514281
5452.687849729199,2547.71035471133,6777.714458749273,40.19211991586441,13.549683880724956,348.548040212131
6149.120417577035,2181.7531046524264,7132.9660486577,57.39944051379317,15.964752148649804,1955.787399672768
6840.399835826462,2727.203539653969,8872.508247485237,66.7974738222153,15.932269049352811,894.3145966792364
4849.768885280071,1807.0439162722248,5333.340403956085,53.42106039650418,16.74782962827892,1596.4828821779715
4694.489374734551,1485.8308935524567,5836.698266792798,69.17259148426123,20.896354139528107,893.7764342267493
3683.0261198651588,1559.8879423472936,4333.316776692773,34.744282919389164,11.534936930967005,1324.610716571885
3759.67946894021,2131.76092547219,4830.953932668403,38.45836615220459,11.084454900895702,1319.3202012214247
4660.2816621477095,1404.0932287326457,5560.55122498419,58.55201507748262,16.704749125643353,1147.1278195872276
5551.048260224267,2212.3491513273393,5935.793966713509,52.64290210153251,19.80981665242315,1364.477310858419
6370.376939349874,2708.286509508643,7682.240513554867,63.13782176571807,15.996638406693865,1485.3896964662579
3795.231573979483,1548.8621800058388,5078.70995971306,49.845283592732606,16.42148603454826,-247.86606334464216
7239.032853439283,2867.3311282467785,8672.231221200147,41.32024577471668,11.246870016048222,1506.9716801369577
4593.314598436147,1512.5217485130029,5899.535078917919,47.86406757794958,13.687663037904029,360.63083165128205
4967.949058477346,2045.3763091259793,5438.774127335788,34.67316029076266,9.767742422080866,1079.1833835683005
3879.182481278265,1362.4819982573244,4641.888580898992,38.714093269029654,10.00735943236638,204.36522306404538
1363.6396095905875,-2.0245824084033757,1324.1123039644162,59.724439979180104,19.05978041422651,-319.74804869492
6326.068094541574,2829.0752929450623,7964.772133502244,58.7278741446961,20.399649435308742,2067.6808697852657
6105.26584563865,2681.7027932159704,7342.064795897378,53.63004284806077,17.02904017691155,1755.7768631898248
4578.00866432268,1844.1187099418419,5838.647235355522,32.78922479039531,10.043531429542782,913.5304403924588
5100.486075837308,2097.463102386349,6664.438504083702,46.41596424487111,11.951908275262841,1112.4815402919735
5773.9088265561495,2578.14303380135,7274.499879428074,37.75000111339949,12.35865086566875,1030.8237524397255
2656.181214670186,1118.5574000625952,3323.976674751045,61.765332537877654,22.842299024821894,816.1744309237987
4206.420983980558,1908.572782282552,4548.599051520967,44.16277866437399,12.487444351722012,503.25701352170927
6191.397019432741,2402.188257554634,7428.283367985839,39.1425228921845,10.990789708951619,1735.149535320527
3118.565865246126,1575.4222807419371,3475.7338372874347,50.297961651214244,13.967210233402277,497.1697525421698
5440.336898249944,2256.331190783149,6356.372299547819,43.59845543165388,12.100708160507324,878.1438817343744
2965.1272930648925,1234.5639031274254,3370.8856763027457,64.83743910203707,13.960632623266351,603.8819678553998
5699.644973650289,1962.3427172821077,6349.6111809892245,42.65189102465809,13.605638079108852,844.3555797672526
4946.537776553775,2050.3540741969373,4957.176037297535,36.00771740775369,9.111210869616878,1153.6487300589965
2577.302276141736,822.9321810830816,2758.6912072061996,28.470864842424845,5.320733215143854,246.7791605716473
6747.109031685757,2539.2729310421796,8193.220563984987,49.69213497586585,16.414020392224852,1583.6836077465696
3898.112634802926,1355.4011468421402,4003.6466390497662,44.38069886142074,11.15017408834235,1387.6257964163235
3784.6213444784285,1247.2898048165653,4549.386731609926,35.71095393488273,10.035948072697304,397.26342549159887
5300.853795846414,2651.5343690928057,7311.1587671711795,61.89226461255785,21.500564166144514,994.883030521697
6722.956024143073,3022.01717515433,8579.075506597806,56.672451474292416,14.183303846238697,1575.2565613463255
3476.2672715324043,1870.598784149027,4993.291480399149,49.717821210627704,11.850149893992787,477.32477681577745
5092.519774771958,1731.2841550198923,6306.587668192712,63.643262441708664,19.631591111637274,1250.6642353677241
5643.22475049586,2275.103337676067,7355.624612088255,56.62536033398613,19.286582828216577,1406.344380425042
6039.658410894716,2092.4864580568624,6885.607727839766,41.771440984815676,9.382748859980776,1749.5625703260953
5264.662332915837,1931.941213867069,5995.424665988013,39.60779836009234,12.697718981702057,749.9374435407116
4449.458241375017,1550.251550695863,3969.779786581283,58.17981544453861,18.615943713284967,418.5040281597661
3758.6146690269206,1813.3418692211587,5103.410339853454,53.96366956467351,12.07077990201741,597.9342390235123
5129.215824569562,1952.628910302385,6925.220979393417,51.697477679706616,17.106245979726424,541.9669951403625
3391.7914820215897,1623.81142623214,3793.5611557522725,41.535021971310925,14.213718351077636,960.6073984280665
617.9742747580885,398.2199323003649,614.5932765110887,56.07947567005754,16.200271554505214,-457.28079513658787
5654.839706236502,2837.845570520798,6408.876590638321,42.44501116866051,15.238196075194168,2297.4761503736445
6355.902261629293,2172.4998488667866,7818.409489693897,48.98013345406322,16.966951184868655,1919.144383112734
1455.6013466872423,897.0488486215967,2309.187888676311,64.4694414638698,19.547068290595348,297.4081541376056
3485.4039429350937,1680.7717947742194,3311.0987445815917,43.39165764189854,12.114606511919694,1130.7780350860069
5928.731391507797,2128.1478470963602,7319.1969351304815,34.27010742927139,8.335376443615502,367.3453461461636
8086.243204567549,3486.28061594531,9565.155959621485,39.4745280812989,11.767231405657286,2878.935306613289
5031.190561513112,2096.5124653618022,6094.125869799079,59.942988266876235,19.12241431947123,711.1308062023777
3907.9955881562983,1506.3291702741674,4919.091706624703,52.547311373802096,15.115839690059346,721.3504106815799
4725.65533834274,1684.2782635940962,5576.685186624877,48.71122621311246,10.218365853409678,17.164424074329645
7062.314628722277,2645.148488626615,8422.984127763842,44.90906194688431,16.010146373218433,1655.606578114903
4031.053731313197,2124.8745164717607,4730.326893798517,54.8535990755319,16.83652616634936,253.03866772408514
3801.21199002462,1520.6555007492186,5046.6124889236835,41.508951490097765,11.693436453675663,811.0702787879386
4275.884716726951,1905.8863870736454,5340.4416401360895,53.05665568642596,17.631313482774367,583.0397268831213
3570.0070876119316,1230.2779896278846,4394.300274002998,42.68745431187043,15.855513486526641,175.12945005721463
5184.005473992193,1878.6389530414676,5585.330708244491,41.02340614724946,6.703198705199054,634.6203439171302
7437.017687704341,3245.3032773942223,8735.131353638631,43.62512565174988,13.956064995369108,1600.297554583629
5484.618909674044,1856.4535109817348,7030.877271778439,46.24592553516038,11.02047923892742,456.17829550039664
4621.469746810569,1744.7844567479099,5564.611982734644,49.51170164066297,15.851731505796772,549.8881138503253
4562.283096626684,1833.4200914187315,5804.505450746589,52.35455795111115,15.962221790082502,1244.0933099575757
2655.2137869550143,1089.9286652420187,4069.512444509834,13.11634708571556,5.206357178595768,1832.2826948281595
6324.664665720738,2485.092545034256,8108.900633469294,41.92349442253235,11.578553097770394,1503.72734292065
4883.244204480797,2052.2526270662997,5906.472214226827,46.08430022643961,10.078809844293579,518.0180198075157
4729.2801296140615,2064.9259908000777,5419.64157043901,65.0506203860833,18.614449733311652,762.2989408866569
9789.661351767292,4099.523927071749,10470.818824092801,39.19997391617868,12.573687445133169,1973.7267734297477
5448.12936254853,1932.800792852455,6453.562773821809,51.627966180999124,17.519174511650185,914.9133971918523
3872.3134248572233,1477.8865954606902,4483.769861920243,64.95030309735837,17.141428328262464,1225.9917683399112
4360.463605691685,2042.8761577459086,5427.73942402771,36.870314700527274,13.115215263904217,980.8294626454493
6722.668563795132,2912.729222411521,7990.249663066815,53.93975225864402,14.886181098300163,1798.4599052139615
5169.905615806647,1724.7473834523928,6043.694209249579,41.977281660654796,13.31808426138549,876.7592280125147
2842.58303252395,1224.9031880976306,2521.400173775129,44.95366257710766,12.466310867401031,1231.2667163654182
6378.843401862805,2056.9810484014192,7184.628167660333,41.96889166046685,12.95500875356426,1192.525888231788
3997.783871691509,1610.847274191696,5035.666166430089,42.68142691584114,14.588183343892892,313.961839769306
7809.946664326319,3598.4204199170217,10229.889812757929,77.21912147906494,20.71170828914241,2650.6495233863743
6620.072098571973,2411.0556601115427,7895.323826413555,58.44455872071666,16.173555822721333,411.52554623383617
4329.0171565118735,1523.026101231854,5358.7261246013095,61.01737861786209,18.6751387600428,496.43406864991096
6921.5245426026695,2959.6172624342826,8782.068529599606,54.91993486836496,21.279147782570192,1070.7909826053367
5101.783265791105,1655.0129275140305,5716.692950849201,33.93743211598042,8.45485021046047,2274.5097896865027
6279.160512683329,2353.475447602072,7718.399636862716,53.94957970323307,20.26514168296376,2159.2615446099217
5727.099225941713,2439.9499747721234,6502.274017963976,60.72929614507346,22.22763545087238,1892.3839170094416
3730.4650175136894,1333.614545083125,4908.970240261933,41.466005259608885,12.245179276479483,580.763672314572
4034.6752515238068,1554.87760380678,4917.311825804434,59.65326667161126,17.299674949083578,2020.024052225649
6544.941226371742,2804.022918127456,8003.1553786368095,57.04336209854079,15.728878232232855,1493.1642471948342
4497.837001840188,1904.5213216202158,5006.105103498931,68.5204004481367,20.41971507377567,1388.1990855195988
4394.527305137005,1824.5155211286526,5626.948945969798,45.82216987486381,10.933212097340027,968.7531515805046
3567.3161309759707,1342.1458825728787,5323.135817786672,39.023890177242734,11.554689018531624,688.7299405335684
5635.398598390191,2346.674718173316,6258.522470354126,46.383718906274545,16.908876219584076,1001.1903827148487
8093.7873788647175,3206.581781520948,9542.665350813899,64.35570993163623,18.084542854537432,1513.9374790633624
3398.7006286185906,1473.9316539288825,4194.244491426354,31.71594119158037,9.033333749496009,983.9859500627576
5036.329185009137,1890.2986677241606,6436.7981280088725,29.31624284568968,5.39259190517242,1190.8657363895215
7118.330833123144,2801.6900896543725,8262.22385710304,50.89395278931613,16.016310013056927,1407.930481522787
4880.537913131428,1704.7257171145675,4440.130350686342,45.57410707225844,14.20119549158028,1730.8695789757128
5678.557694374601,2262.6711752482815,7493.863980331534,50.077278931756844,15.150588399058595,-347.66499549544505
3406.4097077796805,1159.813667204661,4467.944709127688,59.45311771235865,17.402281213263308,936.2255655165336
5642.460645811473,1978.4726457840911,5899.479009730435,44.474306538811476,12.756776124098533,1487.3614824917845
4719.283602493177,1952.3787279611176,5359.355927102033,31.269941690693795,10.384782974609482,1517.33815462622
6478.594993519794,2644.622941372333,8558.405206987416,70.44481557199944,21.075811468422586,1263.2832781772784
6781.079077347127,2908.150064675994,8861.193102045485,40.02771712561224,12.638258880794336,1460.1758491614044
8884.345463027921,3445.9567928173938,11130.534566972978,39.40962877987903,12.252854268872804,2269.843284262945
5869.449759820363,2449.7931156373343,6955.283494804505,61.037200137225966,20.558014615359312,1919.4731541041626
5488.694474873249,2333.1771830177154,6627.927079254155,46.15510878958482,15.200520831625555,947.4709023852657
5291.576452366004,2227.8240329043,6284.428840276141,49.366101479651896,15.195554130195948,1191.8031820369808
4470.250560783968,1581.6868036130518,5928.420564575179,54.82790124060318,19.485214433485314,1733.3370943311722
5507.7257651925365,2240.431176644812,6171.349714983488,60.83583103109996,19.09128636744311,39.53161509908182
4556.897884791456,1913.7942279302476,5065.377634307645,46.66539306818228,16.609543298035522,566.3732770509986
5252.691464404422,2102.8712024887545,6808.367050703314,65.199520059143,20.773741234516173,1783.456282182366
6976.39630341194,2268.939106772005,8349.494836338547,28.642001512651944,4.9087622959324975,1941.5481774865395
3490.1861520805382,1436.1968668255854,4877.45706022355,57.59787236953077,19.88903123749789,959.2598358794548
6709.817841693568,3237.059896526738,7716.025306542008,41.60472441982343,12.751769808632366,1117.6651317841536
6975.672601009798,2700.259223214674,8343.417941042346,63.72271316607991,19.01290440802242,954.22527070925
4822.897209513382,1747.1396093415228,5326.270158994082,51.42044478830545,15.98883013147079,668.9716322814896
1817.217651487108,820.2242005226927,2184.342522496313,43.27094667990598,12.29131768005766,1137.4476407067677
4088.2670193583513,1713.4013603599835,4166.646954730622,56.628410930216326,17.442580999842786,503.43205929399716
6945.4918198416635,3076.380519290769,8090.773473332515,58.93188347207251,16.49581290893557,1439.8098460881617
4965.697906551677,1671.812123643449,5240.710555397954,56.418941228586384,19.474226886044654,616.2857588794625
3501.0466515576336,1583.2637237668016,4548.217598464789,39.703037603669394,11.683735053858717,1121.5963453610402
4242.837618157674,1844.7405625759357,5449.699811669035,45.15982876377915,12.782780943688879,579.2043834583143
6260.9300397568295,2468.8353816675954,6647.984682466023,49.95927162878565,13.137929857197147,1203.389062874159
5820.100352302069,2412.7119704012503,7651.063295512769,49.58740347349939,15.4137726203471,322.3290039390009
4641.601851245458,2114.0051108977727,6818.629784704477,57.497454754383476,17.623450626565226,121.63625214662193
4449.763382277969,1997.9841979183002,5362.719252101733,29.85098767493392,9.732145529835188,893.789273116347
4412.362776434267,1479.190282555275,4974.278201608798,53.343270545535034,13.948477388650254,219.89397768797255
3616.384723252246,1651.5934359897697,5751.826963404219,47.100186455633605,10.927693539066935,1775.8202643177005
7423.063534204162,2953.053262423535,8248.191991893738,41.61499383616048,13.735680755861264,453.85115078470767
4516.51929618299,1824.8262429770748,5429.876388854136,42.575132222304006,15.741823390444218,503.21620990454596
6825.737781238245,2748.5943602457214,8280.696473801856,47.85462335482036,12.303679761666315,1373.4979898814242
7281.974077883677,2875.228883953906,9410.94270368662,13.989148955404822,7.3756272537448435,1273.8283466788432
6497.466347221941,2896.913413165543,7976.829104229723,42.9871042920845,13.463953405098112,747.4205411124287
4352.569530922928,1720.0983224068682,4973.766489213288,41.24185175353706,12.358429716959458,391.5499864369516
5605.595135504915,1962.351522106174,6251.121977411919,55.32783209322624,15.803252234876314,625.7919883513637
4963.706590413626,1887.1001721730183,5785.5369983732835,41.94473317489479,9.814383913618444,849.3804706726938
3644.4472089048077,1502.4525627645419,3869.8729702131973,47.8488619982951,16.330115631337726,1704.8539865396733
5486.538922582405,2501.9192651072244,6607.759366991227,65.42276627661302,18.0756171601087,1136.2764327955858
3231.4403132602965,1443.3497965413271,3595.6302859821126,59.94351519815423,16.42344120797107,1237.7383073458213
6781.519082692345,2499.9738133901774,7390.804002585939,59.02271399943453,19.690666819604267,1609.79198945254
4303.07405405241,2342.527100790687,5791.261759050344,45.00127569589148,9.73441581542399,1417.5460098015924
5301.739483809259,2186.8896212681984,6113.25111885659,55.430322792896526,13.581901216532623,-339.63425453494096
5424.9318073192135,2488.820407427439,5875.8497662954,47.66102199546406,14.262038111623054,932.7573508897281
4611.642539443884,1806.7284073832463,5449.8414800888895,48.03906789323062,14.99828922597889,1575.8962194641335
5880.040702212912,2485.3560920615273,7090.234625639323,54.0968534374655,17.198525327177496,890.1402290679157
4287.644515066213,1924.9249321560865,4271.940055289939,44.03006411579068,12.605422247944698,1738.7654854480488
6306.945946185866,2827.3270564129107,7734.15896898592,64.93003104443204,24.539748650612992,2003.334266121054
2981.030479629877,1456.7542681965072,3053.65779121072,48.39869860402063,14.06382446367452,361.64073786224424
5189.569369319618,2293.876997746092,7082.997647778935,56.18360566259665,16.39350939457355,786.3321143407454
7908.3934985874275,3084.585716636444,9752.05245434328,64.55600479257298,17.77282810014414,1074.8757785402513
3499.503013091638,1256.86469474764,3999.453620655307,60.31653774575175,18.342774956767666,385.10348668642877
3983.3825442127227,1676.5048952661384,4407.475167896592,35.91080897309475,12.003165156021975,180.38197675808692
5770.861774488372,2541.6267278806163,6872.550275604234,54.44895895009884,18.741843794096575,1368.5779451141773
5269.372672909397,2052.0688939696074,6629.642578282921,58.50719394460647,14.573589654501506,325.8512879086628
5525.9451489103385,2476.671050992732,6618.387114399806,58.918630221607486,17.183598389770843,1407.0555378771787
5733.780695221495,2656.666464460143,6771.957430697365,38.86705165885369,12.553522719274394,1460.7954874944235
5952.082202842655,2151.752651368707,7171.683788820133,43.42964762982676,14.203009358137098,359.81423797656976
6664.5497629343345,2456.5897292246636,7695.530249902724,59.945582357416214,17.99677202283394,2107.8192557510365
5614.7279853927685,2210.7974294307733,6566.070619049803,42.38239629317354,13.799566827016266,1379.7502442861646
4638.113518072187,1932.1485742761738,4522.840002234122,47.00303943335686,12.482984044155458,1302.4717143368719
6008.860551804097,2272.402467279876,7697.4957775911,65.75875809501969,22.84343829314262,822.4395095894333
7849.822902342823,3477.9798306539155,9569.186372972268,49.5220074961521,16.841858454804488,1881.154139705124
4801.04938042614,2026.4364675500688,5374.531334494653,42.73225862166157,10.129822012368127,1523.4066009462608
3538.2060429940375,1425.1441792578,5195.214742270465,41.22382643137095,10.216941833177774,658.3370090964689
6660.621003930459,2305.271020605052,8036.253444912743,53.32719329585188,13.90431448854175,2333.0854304102722
4819.428254069602,1598.8173475209642,5265.242118895924,36.66851991522791,12.35649591636143,985.9179682703893
1740.9956809789455,766.6505849620298,2517.563527909964,47.52664036103582,11.68853657547581,918.5920364220264
6271.132515725632,1975.304099751544,7724.383127125389,53.33230534990022,15.337642936553902,1400.730906774454
4197.007721069116,1931.9624408386644,5233.699258025049,62.991498205476674,19.806858254476552,1132.1623106422571
4864.200076543759,1906.1415695244236,5624.162289526715,56.675480803699955,16.870312372017118,137.17388149136582
5497.970495853522,3009.9614407400923,6822.812456913243,42.85934882017821,13.375579677478875,1285.120968278386
5285.7495196685995,2691.2788705214675,6212.020278491772,61.7841931756372,16.403652529993643,689.662353305087
6064.17772570856,2380.3088229715445,7554.983996673192,47.00484962452522,15.291163634152054,789.6363922528681
4346.770444145235,1712.1239270252654,4263.6523059689625,37.64296977950591,10.066467148899779,1741.4056810620364
5769.658697264124,2556.7588574061574,6706.653705227354,48.27958640734528,13.8346365734077,1047.0466154216506
4610.679983624124,2270.0651459291594,6393.893529253046,64.38169201145702,19.789971059249076,420.48508123707666
6108.215721331255,2033.7790241734979,6946.3251378973555,51.65240050064925,15.70187659325647,1042.0773302118137
5923.05122601958,1922.6266240691605,6805.742322476903,50.12521864329786,15.085525631020543,534.3851307429592
3596.841946933107,1283.2280773846473,4092.2296670947408,66.37211644702853,18.410381290155048,1436.3106234847564
6628.973174262548,2797.2736654984856,7347.364741170736,35.68645152945573,10.106836636438334,977.9542627692522
4196.054832328928,1802.6403305584704,3931.1254106805873,37.14400885947228,11.147569839515755,1103.8609334376201
6212.086697421718,2752.27754271465,7339.210837644254,33.84153529033168,7.402290120765333,1920.4706965895064
5550.930970102011,1920.4480059494776,6729.046876163241,53.72648186480055,15.192878626813407,860.1098534130376
7757.275515192683,2523.874240334854,9282.478083961892,51.66493127115125,16.274839139411068,1817.4663191749296
4664.801026442222,2080.423959402425,5525.321950756722,65.42736367279775,17.073335894148638,417.91717783622937
4476.0248058227035,1583.3608540877726,5392.750202412438,52.4347507713677,18.04358853459879,2118.0897457213828
4970.870591168401,1483.726270370201,6476.465445177463,45.95842840520697,16.326755046761775,1462.3641855419914
4545.230325748586,1854.3580667892802,5359.053297933695,50.01794872878107,12.515083466714149,812.7428457693144
6199.912852913075,2678.2590632199,7152.854134952055,51.17707418460958,18.06836152148315,853.5657051381332
2575.534087345118,999.699351907728,2950.0781623700987,33.28238726671833,9.69755300259123,458.1085410492105
3419.476371280469,1253.3284519665654,4393.04502541495,77.10331644334893,23.96802405131879,513.9034130803342
3398.2956176312105,1319.4776890160078,4783.968180429077,55.198710181019116,15.566310950049242,1656.1314005259956
6425.461387960364,2477.53886458395,7396.481795967848,52.10008308022589,17.47611457852129,672.3249164846217
7565.920058872887,2689.3562455641136,9128.570964161907,56.151639842785805,17.657679990533076,1580.5847234196792
4843.326172193792,1758.660299629909,5981.170127600531,57.09410980586605,15.499926428564605,959.4962011219035
4746.767415214984,2029.0269423394473,5199.8318948935685,48.594465144975686,12.247935543562129,890.6483328705621
5105.078244669772,2122.450933212034,6136.302477210185,43.687588637592995,10.185671720859453,966.7073214647833
6742.817453912286,2739.1419330566196,7358.544016023695,55.99450686321704,17.174235611830625,1290.5280857222153
3608.970298714139,1194.8009990223109,3446.2392065872673,53.85710840531453,17.302075345153828,1158.3270929088776
5357.5534741021775,2097.6455991069543,6612.4373728687415,41.90109900910592,13.87226106029066,1376.002918066653
6462.796444673644,2040.8523162587444,7563.418362942981,64.19035611367264,19.021144644887034,1502.0150946211222
5751.641254909768,2345.275667935254,7003.109709702331,52.93352036322983,13.566063197640222,-366.66643009068093
5284.372424898115,2470.963396912638,6332.299421373563,57.29819362267631,15.825308490755324,1206.771922061205
6501.569138850712,2232.0946225297585,7313.682942288955,63.91920887679919,21.480459940963605,472.4941476851013
945.1515605011441,231.57870587101883,1111.5547216192047,50.21888821164835,14.096409334294341,512.1903936681415
6016.812979296361,2489.0018863960768,6603.624922648205,53.169520069841155,16.237691282315296,1940.6112796445295
4018.886475308864,1920.7652487304167,5518.149949371336,58.10027238506116,15.278780748368574,340.65773876749745
2254.0506547153145,789.5641078110884,2026.8756132283952,42.75138916199948,13.498582839517912,319.9197697717095
5766.803899287471,2133.6589773985143,6822.272043660674,50.54051662846001,14.246785865179847,853.6829273309957
7060.487817744437,2331.9643414937545,7951.4495872697,51.255485866511485,17.47007118750497,2029.8134514272879
4793.827228058462,1943.3904235504115,6037.803260350553,40.439414483166054,13.678939757363443,1006.279388247729
6429.311820804408,3082.2437383576994,7549.458499324537,73.17636788673879,20.96149847287184,2150.027054444048
7418.417386982968,3036.7065702843565,8642.767504568956,35.92706556507598,10.524791614827466,1690.5605788702876
6972.371680376071,2783.3789273545003,8793.446788977062,37.01896096312842,10.003455808857268,1515.699426393124
7459.946794057089,3064.4992953145825,8966.651448707284,63.14226575703579,16.103813334020717,1526.0927501128363
6113.191236607839,2442.503493655985,7594.15170689739,57.13266250796542,15.424913893295194,1631.6342969502361
5113.150458352389,1842.0065902759234,5645.117581764134,39.74035182519222,12.318540202999305,153.78699254780622
2597.0512821542475,1244.6404917811253,2414.0530666213435,56.07289015101693,17.47238604176424,562.0822341911045
4630.906267805077,1908.8028878999694,5610.691502386158,64.6785044499731,19.70064714217721,891.158031697033
3735.1301070257123,1498.4553557936993,4322.7329506834885,49.69736942403014,14.305744719291772,1109.7354349840255
8256.414076246721,3058.724123679126,10220.914227723037,75.98822900074582,24.662601911665714,1557.432012312326
4736.171281351495,2220.345495524288,5643.451311290519,32.75938189131965,9.954898376517768,427.867039188964
5184.807210176728,2240.098570403969,6324.306321829389,56.93823453859102,18.4879780177692,1040.6367794951952
5827.228064060701,2192.661016282455,6180.98241190222,61.66528336221003,14.95203474425797,624.0253483779686
5065.403669558681,2276.6176812439567,7022.702873277545,58.913439016052465,9.829231201579056,50.44962761799354
7542.57656064613,2892.6379146621503,8968.97088025934,47.95644273354352,14.954508875739215,1872.0765528719726
4066.025957398322,1430.9095098315697,5228.024634047586,47.09558517988851,11.279144246523574,1102.7359778269997
5291.911182855864,1926.838693772274,5932.247584317224,54.44145171087257,15.907532107835658,1291.92770856796
3886.2941214529274,1111.7505103091482,4817.557896852183,58.157544866520695,16.843069377906996,1428.723035263491
3019.9662331689415,1325.872088372128,2972.537098040357,56.02473436282364,19.982221513678162,271.47730148182575
4082.346363642072,1175.1523258722414,5124.849555500322,60.40057890793389,18.92016677826738,100.91220134278694
4944.444804427382,1670.6669639545125,5755.346723119942,39.81130042933265,12.275108182397139,953.8740724814543
4356.04666322411,1223.5216630200107,5241.851247836716,47.72229020876365,15.990669371896441,697.4591827918667
3961.368530189216,1563.0299888779632,5102.629251292107,40.59984067876246,12.916947377306816,371.1258476528089
2890.5238044922494,1118.6294067289316,2852.358409780559,46.138872239138585,12.926307685764709,538.1801841545519
4875.341641056958,1868.4626031261923,5508.164103961951,60.15220891814305,20.188614535952034,669.2657551090992
2742.919438953497,836.5233519137546,3520.1654672875793,51.07983920725229,13.104451506399139,-369.4187538877162
6140.083945534404,2162.975139854602,8417.211471914658,76.0685916314977,23.467071864516434,1007.4284437100007
5123.6596294017545,2165.556317647345,6079.350387951365,51.93406367189717,12.48507951329653,456.54434252842225
2813.6727508026042,987.8311173939197,3671.9753599250917,50.596918805797365,15.586963356771198,678.5585859659822
4536.186384425205,1893.5641341541182,5389.937926381006,51.061829194402165,15.704528041866508,579.2198977647136
3871.7653916141253,1327.3939851145947,5617.2412673151,43.62191307140064,16.439483845249516,1330.168815393351
5478.76176562877,2236.770391944279,5700.9032852718965,49.421633876224064,11.69654237598366,1897.685386759687
7010.6756690347165,3130.089776942903,8460.121325176338,61.27788027111646,17.181589729627312,1741.8258203128967
2187.241295531383,1021.437968310749,1811.917537856629,51.13970668127772,16.987276857531604,-338.06483188538334
5172.539118721126,1965.9121929343305,4953.761157196993,42.06540270116528,13.2902553231442,1787.105823183745
4759.80080665004,1968.2200652489978,5860.491994538956,40.749153795213644,12.585356241239099,1739.8203865168905
6007.010114675699,2342.637752237726,7278.161035684569,45.497981083341564,11.73712291908539,1210.7972785891102
5319.794942356533,2129.8880231162952,6241.33546195674,50.7386343441088,14.039953607049782,1725.4220686390727
3872.0460023917713,1467.4156379195827,4593.358157850249,61.93586535476262,21.0708416228753,498.57163145501517
4521.419096500073,1767.4838371286812,6974.852632835716,36.59511358633563,10.875515688392833,-28.839148124780195
3805.9612147947664,1575.4078241864504,4438.065888738002,46.80173722111244,14.791240558622677,381.05002364815647
6614.010707897897,2397.264608263671,8191.875030102514,51.44310019435079,15.20255340075228,2187.4525746019576
5031.967473007913,1758.817282455671,5713.678557802556,31.662942323705654,7.132711666612166,260.8535327958459
7851.786028629511,2793.578772994002,9569.759521875714,41.66401717033594,14.366826003250775,1570.1178466916494
4909.008779278069,1563.5357355853002,5771.693697605874,43.201114602638135,13.966799149856433,998.8737025257199
3937.389849634306,1270.6352667986025,4519.608578196301,42.040296261495016,17.223362553182884,530.9908479429553
2729.4284110807594,1131.636991133336,4184.763359397074,51.918895450216475,13.544505875763852,324.12488229759435
2295.2904856160826,694.919315373462,3342.9410643314686,48.39440390498203,16.16346701389557,495.1826642413179
2623.7960854917656,1177.9220502544804,3216.928626289734,44.44713897398964,10.711053760122889,243.67804613098951
5400.689976517225,2168.9544277950304,5328.722003848687,54.279626265526346,16.598581015004058,369.1087467194794
5763.087534844901,1813.108960578447,6735.200430187596,67.2307471764625,22.12223733106508,1260.1334784407084
2628.2139469517997,1215.0294748361425,4505.370518544702,66.39256516741753,15.773499318032286,1062.326080612846
6342.5574711141735,2739.722649843597,7495.738132017154,30.772282279376636,8.821819735329774,1703.2977535495452
4275.40842247484,1461.697700281223,5682.098892996637,55.77072183835139,15.604797083420175,450.21395080006243
5220.189517978324,2193.1236929150778,6985.19862255029,48.21976709936162,13.06201553321824,418.42394590682693
7418.330942383136,2753.2078176009545,9011.479088787752,51.55155342865356,16.23589133311478,1341.572247399238
6345.258973798298,2562.5211837064035,7193.399952623881,46.01716966457452,16.046522312217547,2052.947549657492
4597.204028141252,1522.7570095177596,4298.988667878058,51.17588629887202,15.086208459203295,1242.2398451080232
3663.2116618770688,1017.0080516171835,4737.935598556959,51.51407396072019,15.865195043336096,1084.6246707725306
1772.2768980060428,613.2064617991749,1719.354276195477,44.210482426510765,13.491762234071725,799.3838554939559
3921.27002113637,1537.575771885839,4793.59925130749,41.03632452174819,12.314504369237286,994.6372854865672
4683.304641758458,1773.9019332997325,4995.055400315468,45.51304317380516,11.475227676717335,996.965202158481
3519.230709273224,1111.68464415365,4090.458080892767,52.34259264456765,17.91966699681608,1034.9995901786288
4803.114549361543,1821.2710542118332,5780.596986684379,55.98996341684264,17.387379761370465,687.5398577632989
5115.2778244381525,2113.4348179204444,6272.630179847932,58.53348977340147,18.349809912025595,315.82405920447013
4662.716027287882,1853.8631533845185,5037.8481390692505,45.05809976933087,11.904410672748098,1294.041672769738
4024.9961287648102,1655.6237091557275,5428.450828898449,52.838445673027366,14.933092905929728,1423.8682786275747
5252.982007950091,1933.6640030664785,6005.131017174124,59.62502591953299,17.535239380438338,491.4804319120026
5662.910974354114,2558.093868420686,5958.258438998314,61.65594895144128,15.428535298534682,1543.542936078773
3364.401383835731,1051.7172193955973,3982.7699506211447,49.41167145868478,11.447432787210076,1513.263133461241
7116.398569619405,2968.4495021194416,8556.865938056517,47.79068275060387,13.135708963904024,1422.1566130453205
4852.117801573608,2236.3198938694336,5902.836078474209,51.91124233836392,16.618414234393956,561.4224679438485
5028.274434417272,2131.5367969541326,6714.995523143265,38.502925271025944,10.2446028014479,1067.1642236468322
6062.3216348848355,2374.2975971877268,7156.561543493873,48.06390488964492,12.381561071712046,937.1973428766165
5349.8241968952525,2007.8554170923562,6359.979224089917,57.4458639847313,15.604387888944048,761.5997844008498
6429.704950869867,2830.9038931095115,7164.053750427293,56.41947129443701,16.015156542040476,1502.533023809745
5430.686247802736,1816.530767805676,6927.100248807232,47.29732395636111,13.481479261268126,284.27251204559946
4081.343938039343,1390.0065101208263,4989.767257686262,52.17718201087167,19.984197507674615,94.30432636175499
5542.255287809153,2117.5126737507308,6440.692481723902,41.753496597093125,14.635290236102573,1118.096497748802
3284.4106890190073,1623.1777149856025,2988.955480090077,57.03492148225025,19.160024669238528,645.7278683475859
5162.839558664785,2160.0777324761384,6917.613567925285,49.22178563863527,17.103696420137343,1204.345200252925
4950.155014033308,1738.0505659857622,5326.346034611941,47.24048548303862,12.174503906243487,1927.643697048356
4687.824714091191,1797.5529592902506,5329.750652224576,46.38276163906613,11.47009926174536,989.8219608561488
4807.193732841604,1769.2967071125681,5947.804734947927,49.37106133100142,12.597577816232313,1260.5248217357182
2177.2264317535414,693.4433246430328,2014.3927537959062,45.52122355068042,16.3253793318798,-52.32118145660763
4176.912638388558,1915.4874449946178,4265.540276939698,56.581430360025635,15.88004553024271,1219.3513594359802
5139.267351711672,1712.7711583687926,5105.147030703673,46.04716451983819,11.311436991472883,764.6580377869957
5239.7845879961005,2498.1090491320338,6648.239982048139,65.92964096027382,18.91689988764252,1083.6673338897667
3458.4872886110625,1590.4523379905809,3877.591623970114,64.65210503481381,18.91842044701489,637.2731451876317
6898.561761297051,3032.1401221697447,9741.909159793126,41.084565101454956,12.86219607782561,1896.1994697164257
3700.737727678249,1364.5602130649852,3943.7077403984617,50.697042694292804,15.711014849711928,85.15926834815014
6454.185800790105,2544.1891405462648,7284.297449233664,43.49343378663805,11.391669008244397,149.21784285050126
5640.791542807528,1898.028663491833,6486.253366226332,46.73352436811388,15.391370095461587,1021.4419600175432
4030.6590352342955,1481.0980123270176,4958.358169850399,70.02427467644797,19.728895335434075,1040.3974354994211
7662.966338914268,3188.600247476495,8960.457937304465,46.92428582884201,13.764733075242518,1608.7279556866038
3209.54475236528,1607.833666391461,4157.619809839593,53.60226037077429,17.454226252238996,1258.0110691800116
6378.731260415002,2274.703299965388,7165.183317503675,55.413212940082786,15.340321074136153,1494.4325891728345
6500.873477064468,2508.972906579471,7110.25231324557,39.9937062751676,10.859409035388003,1018.2505294829637
3994.0696863850326,1559.8030694958825,3893.776253957485,41.44904525590795,13.618049676158645,-363.89613979283376
7088.6979500964935,2486.531879490476,7394.650456147194,37.93977628591881,9.666466532565604,1299.0834729216895
4624.930228101571,1997.8094016802283,5290.881763984356,41.14029266102223,11.572503751098527,1438.965546749213
5433.0404439197855,1992.218594632262,6369.158376507132,21.49969890682818,7.561394028134238,890.5841974503999
5390.482758156832,2107.3455154684766,6152.860796046606,55.44582400793628,20.741932085252834,1092.2566834702484
4798.536887794178,1806.427412139702,6379.947163946595,70.5419384125607,22.3733905332937,1170.3875047121899
6216.212409739674,2289.150337465951,8073.469996491676,51.47820739036527,16.388741743089604,735.5962948230267
6190.2330808283195,2474.3319859611897,7260.878203271732,35.837311406593926,11.812796589323636,1549.6645644850728
2377.202040142729,896.978421415086,1955.6818915752933,43.57223617100052,10.925290303166056,1294.0013030293985
6956.510364317229,2689.639675157225,8064.459883153147,45.41123154975003,13.854562942284824,1304.8953969167426
2506.2620179464884,820.3894017585097,2707.603724577255,39.82415222786624,11.887712691687069,-63.27980732685319
6548.819306512486,2699.4088903007337,7530.0156866759535,58.60182638395157,18.22371699593098,1276.4633477915106
6690.0577052413755,3089.4273992196213,7679.209794340528,58.10260044375334,17.66379623807774,225.8194867438408
3363.5503546772024,1380.3919500806628,3709.5289777502394,38.445482061823405,12.293043973381245,841.1617029237485
4383.778568068123,2002.5409809550315,5067.263473732867,57.25081044447508,16.55230874354412,1102.892902437914
3341.4429972710964,989.0217176200731,3691.961047317537,65.26812663577266,19.697655825475383,1506.1067463770005
4677.618454566897,1910.487741650201,5717.303399793072,69.02558205229559,18.252017483574694,838.5262946300668
4537.948573721388,1540.8373497457887,5625.722646418096,78.65212023085962,22.955821513252058,1111.832383817513
6169.49079840401,2098.565087478629,6948.066414493567,40.98007350556803,15.075689148023695,803.2541084878515
6965.463119179412,2601.3423958070057,8994.088406018811,78.24220426395203,24.11027795844212,1214.879063573343
7093.525716184934,3135.385120077367,8022.199708501614,46.457936114912115,13.895538759707481,656.1124249058879
4156.747960132547,1900.2031412204303,4179.197245251387,44.07534544619486,17.01485018636715,733.9547813848916
4686.167189383208,1935.2180562668832,5813.789662942376,53.27072374877845,13.259547168031377,784.5788611173592
2474.842711668575,606.7619446949473,2561.10718679512,44.17938665906988,11.034904886828524,644.5684253781629
3791.1949002557167,1467.4077972553025,4710.079615685553,53.99044140646526,19.622555244492123,446.44053988482375
6447.277449646186,2654.335982083908,6534.8986390251575,36.799228122626985,11.131690308885963,1331.1281654167833
7423.374235322348,3013.233751523589,9604.277053128351,47.61247397936566,13.79857612123011,1317.9848192606369
3148.476692180117,798.4422810018605,4114.318734636341,62.85582234361679,16.45833805289375,463.9456442862663
4111.303611270659,1421.9419825032955,4183.326058943289,49.42938708568844,15.724208658496554,862.4418852356469
4960.391364561609,1968.1371047874648,5213.081075550788,51.41595786739883,16.513707099274573,1012.3397440708269
5420.24173822941,2302.1694226710615,7340.423037924056,54.75258604717312,14.23678709248214,1464.635367171701
3785.594720117531,965.2059327720258,4174.023712392058,61.7066162931766,18.231433716852123,696.7974269585887
5636.091566696135,2213.9056328084894,6346.217455669049,33.447752878105675,9.36329419936557,952.2756387777255
4289.240979393626,1751.4585842271883,4014.0631281977094,55.84524051837435,17.265526448349846,767.4444733351121
4978.321593682581,2203.7316346020857,5798.59680961832,47.31860860758237,11.957082097833423,638.33226031602
5819.42637200555,2500.984944861579,6869.4518389887835,51.66637895311838,18.00380859496183,983.9297276177741
5009.633404716406,2149.496191588764,6369.30663404443,60.599501697623765,20.011498072482336,2017.5060374798968
4345.421164210147,1538.1833390085753,4514.966182959939,38.058133485881555,10.691088928298834,412.74485249409594
4835.5852941112535,1457.2335833636746,5042.558956813199,39.87355558556911,11.52922925239399,827.7888918825961
4867.455561191997,1848.7190352114485,6066.4279908186345,30.645700402861937,8.92086582030335,779.7467806035543
4444.983455176808,2028.4013383728634,5837.345181825702,44.50841058236224,11.795906068695663,765.4108849131619
4611.805905999347,2193.0859942808465,4748.590911640274,63.304323443788164,18.104438196666376,756.7415267606718
7397.9707557570755,3136.825577877277,9418.32195005836,48.7941281152653,14.097697699230372,1619.214201761915
5841.379171911858,2443.886874465177,7028.425927037641,36.59875104345214,14.205362054449898,313.1882836864745
4556.77952295626,1917.6217212789954,6014.038097084835,45.14321255424953,15.436200382935732,1429.9416408572542
6045.431606766104,2279.142956016247,7219.407747360516,35.12138296509377,12.405724304201378,1525.3777211743195
4499.270765365985,1767.1932327579893,4137.985959695207,38.74813898268838,12.364292920815295,278.41836004162974
6759.686956379962,3121.1421640085678,8035.640656497934,53.888189102637135,13.93180271292867,217.39875479979173
5554.463288297141,1986.1458138708877,7195.427855292203,38.26126673693971,11.395397811927154,622.3565845887277
4839.046783993656,2339.3134112749253,5359.98313125053,61.12634305203302,20.278879834836665,846.47612608517
5671.575388715417,2188.1231168631525,6611.907982004774,49.28879709169664,12.270109868774416,2424.461027088471
2643.685771897251,1388.83233603267,3084.356174501212,50.855947039445255,16.529890525580104,800.3656368665869
3309.8487966352923,972.2357662797324,2522.0616160281097,47.21627032392106,18.81009954770185,-241.82506526367035
3209.112490401417,1430.121046451729,4686.608776200438,57.72847838543723,19.44217680761063,296.9947456298114
5214.41464214556,1901.5733228713186,5806.609730626084,57.831598877770105,20.177537934455007,1016.2767102926205
7598.772499227638,2685.6922017100087,9371.394715309565,53.350543519121715,16.441840556620836,1646.5962769945763
8346.950219288949,3393.413598318316,9972.989695072634,55.64789105907648,18.630231215252923,1012.0156137025783
5957.076652161136,2635.1986080134466,7777.3015107730425,47.87910330079574,12.92802456153065,1123.9202164436965
5751.266712416686,2089.2713253183,7104.548116114063,55.42203006909048,18.218336645409597,791.4337736780667
2298.4133987708915,544.6113693937564,2640.633942764582,46.62122224526193,15.295142941700107,-92.19660154697993
4185.989300398967,1651.434529075848,4576.42961421912,50.02231622162402,15.58651721456253,966.9956834292705
3818.3243721376416,1505.4709166607615,4980.914597256239,47.253562506337026,16.808083591338104,1150.6034611489395
4068.728602623326,1764.5713479379551,3945.7536711706825,45.42781460680804,12.550774706347635,1234.266359005475
4747.784272122815,2136.512351690248,6020.286336685324,43.1088820227821,12.558549573887305,1236.7500299915012
4291.864133454309,1701.8918580636002,4600.7145843677345,54.67690103858885,16.593994394293247,609.6880601207305
2031.0502844363186,1276.2959424730932,3063.4021723019023,63.10605912813463,16.87259579626159,763.4849376190166
6121.865384176301,2504.8048398043434,7426.888232342908,61.711019716695596,18.967169802609174,1378.9002958874041
3390.8854613902904,1269.7475580543914,4391.124437593403,37.43434664054565,7.7924431662560005,745.1480337540647
5358.870296166724,1740.6562786909826,6471.638762312428,62.892030514068736,20.96151822307704,765.9274983824457
8111.12400462496,3178.7847217709427,8857.160257979454,46.81841498382071,14.138799228278144,1373.786737254228
3620.923112620365,1364.272508695362,3914.7431534467682,56.00733015145592,15.76041323762925,761.12809058635
1204.5687158805054,721.9036854225698,1781.6771278622975,40.937846679527894,10.612606779268125,1460.8509766688517
4570.993667179834,1944.0183728886473,5568.520309295723,51.41979913874005,14.95678168238364,1064.819973481662
6651.439452497856,2365.7335005909886,8572.222295650263,53.13723182896907,17.317688970235547,1024.6936393744284
7937.521181330891,3218.0720691351157,9726.662699115654,35.15395208080347,11.641663581716163,1171.3095137814566
3155.675608321375,1430.1530362608135,3303.45978463432,56.08267166344189,15.413725604475646,385.25181533617365
5745.048834854782,2680.027373788871,6496.026532965422,63.45935007838315,17.345725678259676,2237.6564907454895
4302.03431482992,1942.689717785483,5213.899873057522,48.25352054318372,15.789853575594408,660.778539993003
4841.077468543796,2126.642650995388,4652.270929252502,63.60168130828013,17.63580958325398,1421.650761013902
8966.515020525552,3601.627506864012,11596.538967442155,48.103065065475924,14.550739067801784,1605.3388813694323
2745.54450740727,1195.2958043187705,3515.5267770775026,58.49584531046617,17.796262878188404,679.7011721212684
5380.60949224186,2464.6200220732835,7070.248689214668,27.814300340489005,8.968414365600177,1471.994535452733
5701.53975764815,1947.4215536893478,6051.545738773195,74.18777779313464,23.972874198304137,854.3565266246682
6628.679487409021,2564.1119631593697,8576.697965068452,64.95458245242958,16.960448861994227,1005.1800704054197
5146.974730206343,1865.647704893477,7292.119131761487,47.15374495746321,10.323804836717988,1858.8297932689336
5462.075809256154,2279.6186033839926,5894.0517934187255,30.27910973356182,7.948838357611842,1584.7116092991291
4412.527148867313,2072.5664034596225,5680.733476092659,52.88028368305489,19.467141920580836,1277.841589118827
5403.690411867661,2012.2325930667962,6484.98346658484,35.56074452926243,14.712571558953485,1474.3762289349893
4485.211586753884,1196.5085428341943,4610.036979980539,54.44853537557488,19.996914883804237,1126.8300615063097
5932.357834784076,2269.887947657513,7365.271387666826,54.11565719164282,15.848734421971466,2195.3594735443476
4445.584495934549,2006.6022313781712,5751.502997540133,40.58596830997975,8.611560329024266,911.0710501254882
5565.65059085328,2360.667712078782,6378.217432689512,61.20967023614378,13.676822867539451,1401.7613017711158
4956.105779472532,2089.488873741657,6530.28519549465,58.05574702806173,16.188647785319695,265.76469159750013
6689.075376158253,2605.631824994681,7193.5087479953045,59.758233372885634,17.53132275156697,925.33473193603
4922.909414617271,1649.406081791962,5160.113224315903,50.08857703668895,17.627823913118604,384.17238300593397
2340.4512976896776,1065.0040994819879,2876.840255021989,35.844759330862935,12.489038718343771,1105.12205129601
6892.882251070987,2548.5824479197386,8284.15134027132,59.778722722111375,18.388426974616653,102.30637420382254
3641.4015487060715,2002.5848028275427,4011.395114235233,47.296286008642085,12.409196260710342,527.1252983648529
4019.35049202677,1750.366998899337,5228.017808418066,36.102198568073305,8.909100453932211,-692.9832029249573
4106.508058934762,1497.4411479354171,5193.2568278296885,63.52039365974326,19.56437347206585,405.65766404600737
7061.657139756226,2671.816544055333,8903.058103174479,70.9940752050251,22.692324519186982,1166.856953085312
1796.488679031957,695.3594199593857,2094.2181971622144,49.587518710207966,15.660018137553559,1051.7332827034134
9706.62280048999,3822.773639690559,11949.237494577157,71.59121154603292,19.408167544596566,2139.6385297087268
6584.085213599077,2912.84252932212,7678.077104803895,50.9131472861135,16.57527944341822,900.2462810553325
5334.85837119374,2180.5473909135076,7428.739390475786,46.19544095833649,14.71045422170377,1599.9535341046608
4917.65899907557,1784.155664903096,5494.917913829691,43.69541545814523,10.96729182506321,992.4479270799928
5428.331112286485,2643.94261620354,7566.646049472938,66.37082407992742,18.342605283377715,1104.4496518109233
5781.683642569007,2325.0005399076585,6955.464344627512,42.198561186122284,14.036560304959817,555.0009746278055
5967.823378925085,2579.339270562258,6473.632609925731,57.35269309974987,16.73679285963318,698.5578188334473
5833.406699005172,2181.3060527408793,7684.127714050507,44.408361649407915,16.50080309809529,754.1326898282723
5134.371021882873,2144.52731568928,6224.195920456927,45.396932374256366,14.621338264406061,1050.1048409536695
4703.992369539011,1959.3744456014033,6070.352892636932,60.30249693969567,17.117486705530162,979.7413373981395
4773.090074519732,1436.8237067838547,6339.636048694975,46.19963153710646,13.839478260350074,1726.6643466659689
4707.637579470978,2386.8738094035516,5818.1428724376865,45.95204620579707,13.912380647014556,1134.055099863113
6700.655145300597,3002.923173350876,7744.665751954308,61.32804697174807,16.941633465041,-13.651817775934433
5890.335083421292,2256.83520433202,7556.258788940176,65.97397293221623,17.967015483309613,1309.3880106201038
589.41704800358,-39.80061591253187,707.6782113315937,56.446898032842334,18.3368491974717,-607.1247684830504
5983.851164794642,2480.4308693687444,7523.55030705778,43.452302243760506,14.726237267212342,713.7847706531601
5292.104292078162,2138.516141684864,5273.659863598064,44.893915007024205,14.67573744121318,652.3361225524675
4971.936865331154,2077.6919832732688,6189.815096902311,50.799152637400375,18.270381979867715,662.7182113100798
4417.222320366671,1814.7832771951907,4981.3738718674895,53.209300619256574,14.879243713753766,195.8697680531826
6686.16907997902,2801.02787931809,8850.05771456409,40.121340898602284,15.384943801722946,1438.974817721948
6421.289693184287,2930.3423021216668,8017.091305765692,57.230379395798636,15.367271581631284,578.8567960913779
3840.6834982645864,1678.299200587996,4728.749070842152,50.85513329639599,13.23116886218181,946.4705032778407
5610.578430686803,1981.817497547236,6975.849113499274,32.84291681361871,6.332957279787112,2240.6012246681757
3542.514898188071,1757.6466724533416,3751.797451387326,40.7107351753927,11.321629924964174,43.82345017058242
2930.5727528166044,1582.3827419987138,4328.315648643952,44.95871326348336,12.4801693053861,443.85939839370985
4059.924163115052,2411.983848874042,5867.594204946514,49.27142311158945,15.833301493986134,-449.7438486332245
6293.590208574138,2236.562575119756,7748.765005563074,68.89278795503996,21.155618269752893,1108.2503952297611
6429.68756806413,2632.5955305132206,8510.826865963774,52.38171306139628,13.328567176380611,1607.2960899285679
5769.628130145939,1787.326576261129,6638.97965683886,41.592281101013754,11.69223185345249,1514.2452417078214
6087.643680271995,2573.3447612036007,6906.6156332139035,52.20630804307163,14.918968370746118,1256.2106011964474
5774.2674306724375,2172.6568977272823,6949.583291171386,46.47912252546119,10.391772263714572,1599.4851985139755
4037.7776071655717,2095.972491572467,5062.803647782635,53.24758239533542,14.012381264573886,2080.58278940451
5647.883817010911,2065.499784299719,6580.467239791533,55.80567687035615,15.200075799878665,1985.729107120982
6200.614287841523,2057.949955644794,7709.62124059407,62.09230647223938,21.494941981313705,978.8623928634862
6131.436994720361,2334.7588627125147,7510.919134701141,49.75713504329974,15.310041944904627,500.73540571070293
6783.370057211964,2219.4760800805016,7640.890681008829,66.38960527599833,21.2412190906945,1153.598303155491
6062.4557708015955,2612.757171947466,7534.343433687774,59.08022662536192,14.72679699331015,738.9997713516451
5527.172311312374,1694.5981629608696,7064.37089483561,42.92560455187812,15.26611033159142,1331.1082361947913
6605.225357474641,2649.2045382856463,8012.005087764764,72.09855665748464,24.231771123293576,730.4483017801793
4960.21811112641,1464.6342894865147,6528.585784982538,53.269945132700975,11.98429360552104,955.632405930111
3677.188023158423,1390.800758129209,3803.9237310416315,41.64875496027765,11.083993040251599,1154.4446318998398
4755.399554084354,2313.004360584875,5940.45467596715,66.52913051230422,20.950270299722288,900.7319744082824
3882.6460327903264,1643.2203859750794,4074.034886150004,70.77777585198444,22.522109662671696,303.3722951841671
